entity_id,entity_type,years_active,doc_verified,total_donations,avg_donation_amount,donor_reviews_score,success_rate,label
N1,NGO,23,0.76,350181,4527,3.8,81,1
N2,NGO,1,0.21,10761,3243,1.8,28,0
N3,NGO,22,0.94,367505,1424,4.6,98,1
O4,Orphanage,2,0.02,35356,641,1.3,42,0
N5,NGO,26,0.95,113832,4990,3.1,100,1
N6,NGO,17,0.89,408436,1463,3.2,90,1
N7,NGO,20,0.87,142304,2253,4.4,99,1
N8,NGO,18,0.83,121285,2683,4.0,81,1
N9,NGO,1,0.68,279286,1337,3.1,76,1
O10,Orphanage,9,0.67,295784,2732,3.3,82,1
N11,NGO,30,0.73,253840,2193,3.7,85,1
N12,NGO,5,0.3,40626,4286,2.3,13,0
N13,NGO,2,0.28,25196,4918,2.7,5,0
O14,Orphanage,4,0.25,8617,817,0.3,15,0
N15,NGO,9,0.76,116352,4876,4.9,94,1
O16,Orphanage,0,0.91,271183,4308,4.5,94,1
O17,Orphanage,1,0.15,24056,2067,2.7,22,1
O18,Orphanage,22,0.96,301955,1753,4.5,96,1
N19,NGO,21,0.91,310629,1997,3.7,74,1
O20,Orphanage,12,0.99,74006,3949,4.3,75,1
O21,Orphanage,19,0.75,227520,3031,3.6,76,1
N22,NGO,20,0.93,223505,787,3.8,87,1
N23,NGO,5,0.73,492785,1506,3.2,91,1
N24,NGO,1,0.06,44433,4090,2.5,46,1
O25,Orphanage,28,0.86,375071,2791,4.1,70,1
O26,Orphanage,22,0.67,480788,1578,4.5,72,1
N27,NGO,10,0.76,454775,4581,3.4,84,1
O28,Orphanage,21,0.7,65957,3402,4.2,99,1
O29,Orphanage,4,0.26,24280,1330,1.3,40,1
N30,NGO,2,0.04,29066,1773,2.7,12,0
O31,Orphanage,23,0.96,352342,4223,3.9,84,1
N32,NGO,25,0.94,410428,887,4.6,96,1
O33,Orphanage,20,0.8,174436,951,3.9,72,1
N34,NGO,1,0.78,457292,2754,4.4,77,1
N35,NGO,9,0.89,57034,1111,3.6,73,1
O36,Orphanage,20,0.86,96690,4263,4.6,89,1
O37,Orphanage,8,0.69,354872,1583,4.3,89,1
O38,Orphanage,21,0.73,81245,2305,4.8,71,1
N39,NGO,8,0.98,324202,4088,4.8,81,1
N40,NGO,12,0.82,170338,3553,4.2,86,1
O41,Orphanage,6,1.0,242363,3456,3.3,98,1
N42,NGO,1,0.29,4589,1893,0.4,27,0
N43,NGO,26,0.98,175409,3867,3.1,85,1
N44,NGO,4,0.23,22272,4863,2.4,24,0
N45,NGO,1,0.08,15321,2854,0.2,22,0
N46,NGO,2,0.81,466254,2478,5.0,75,1
O47,Orphanage,11,0.99,395567,2869,4.6,78,1
N48,NGO,5,0.69,202785,2069,3.0,82,1
N49,NGO,16,0.96,448631,4513,3.4,87,1
O50,Orphanage,5,0.18,8604,3072,1.3,17,0
N51,NGO,2,0.26,4884,2075,2.7,11,0
O52,Orphanage,15,0.78,150058,1016,3.3,100,1
O53,Orphanage,19,0.69,61194,912,4.5,99,1
O54,Orphanage,0,0.1,37038,2350,2.3,19,0
N55,NGO,18,0.8,378592,4983,3.6,82,1
N56,NGO,13,0.83,400006,3411,4.4,100,1
O57,Orphanage,2,0.09,15672,797,1.4,27,0
N58,NGO,3,0.09,7529,3422,1.4,50,0
N59,NGO,8,0.8,130863,2124,3.3,90,1
O60,Orphanage,0,0.29,31704,1426,2.5,20,1
O61,Orphanage,5,0.74,281939,1757,3.4,81,1
O62,Orphanage,13,0.86,356485,4878,4.5,89,1
O63,Orphanage,13,0.98,272058,4430,4.2,81,1
N64,NGO,23,0.97,289780,3530,4.9,98,1
O65,Orphanage,25,0.87,376513,877,3.8,82,1
O66,Orphanage,1,0.81,71517,675,3.4,71,1
N67,NGO,1,0.03,16616,3296,0.2,0,0
O68,Orphanage,7,0.75,498221,1656,4.2,77,1
O69,Orphanage,29,0.71,226695,946,3.5,90,1
N70,NGO,17,0.72,55596,3440,4.7,95,1
N71,NGO,0,0.73,128340,3737,3.8,85,1
O72,Orphanage,23,0.83,196563,3416,3.3,95,1
N73,NGO,0,0.03,44711,2475,0.8,16,0
N74,NGO,17,0.9,63160,2639,4.8,75,1
N75,NGO,4,0.09,6219,3671,3.0,47,0
O76,Orphanage,3,0.27,25447,719,0.9,11,0
O77,Orphanage,23,0.87,325246,3388,4.5,87,1
O78,Orphanage,4,0.91,348527,1191,3.1,72,1
O79,Orphanage,7,0.81,454574,1767,3.0,76,1
N80,NGO,3,0.87,283695,1410,3.2,79,1
N81,NGO,1,0.99,467643,1049,4.1,72,1
N82,NGO,3,0.1,35582,2453,1.4,8,0
N83,NGO,5,0.99,99252,3457,4.7,81,1
O84,Orphanage,4,0.17,37610,815,2.5,21,0
O85,Orphanage,17,0.69,407129,4897,4.7,99,1
N86,NGO,26,0.87,86585,1337,4.7,77,1
N87,NGO,1,0.12,47139,686,0.2,30,0
O88,Orphanage,22,0.78,204261,3667,4.3,91,1
O89,Orphanage,29,0.77,215827,812,3.8,82,1
O90,Orphanage,6,0.67,195907,3598,3.9,71,1
O91,Orphanage,6,0.67,459002,1209,4.1,90,1
N92,NGO,1,0.19,23638,3009,1.4,35,0
O93,Orphanage,3,0.23,9363,1357,3.0,3,0
N94,NGO,9,0.74,68282,2951,4.6,72,1
O95,Orphanage,5,0.9,478936,1862,4.4,86,1
O96,Orphanage,1,0.21,10380,2993,0.2,34,0
O97,Orphanage,14,0.93,205055,2280,3.9,94,1
O98,Orphanage,24,0.96,112661,1795,4.4,92,1
N99,NGO,14,0.94,350745,4503,5.0,74,1
N100,NGO,21,0.77,221408,3717,3.5,87,1
O101,Orphanage,21,0.66,232720,4914,3.1,91,1
O102,Orphanage,5,0.23,32977,4699,1.1,36,1
N103,NGO,22,0.96,307278,3504,3.4,90,1
O104,Orphanage,11,0.98,403620,2482,3.5,81,1
N105,NGO,28,0.91,152097,4904,4.5,88,1
N106,NGO,13,0.86,316720,4428,3.8,97,1
O107,Orphanage,27,0.79,223938,2897,4.7,88,1
O108,Orphanage,11,0.98,211495,664,4.9,77,1
O109,Orphanage,26,0.69,495120,2178,4.4,77,1
O110,Orphanage,0,0.84,182080,4831,5.0,92,1
N111,NGO,27,0.89,431343,2334,4.8,86,1
O112,Orphanage,5,0.05,49978,1151,1.1,26,0
N113,NGO,12,0.91,87255,2443,3.5,96,1
N114,NGO,21,0.79,477929,4943,4.3,95,1
O115,Orphanage,5,0.99,178444,2767,4.5,71,1
N116,NGO,20,0.75,130906,4103,3.6,95,1
O117,Orphanage,2,0.68,227787,3223,4.6,92,1
N118,NGO,28,0.91,202198,2312,3.4,93,1
O119,Orphanage,5,0.2,7994,1545,1.3,26,0
N120,NGO,25,0.84,388906,1319,5.0,86,1
N121,NGO,10,0.96,393726,2767,4.0,70,1
O122,Orphanage,24,0.98,143854,3820,3.8,70,1
O123,Orphanage,0,0.14,28907,606,1.5,31,0
N124,NGO,26,0.96,393505,2758,4.1,92,1
O125,Orphanage,1,0.23,7493,3705,2.8,1,0
N126,NGO,10,0.88,399148,2552,4.9,77,1
N127,NGO,18,0.85,295722,1653,4.2,88,1
O128,Orphanage,4,0.7,369451,4938,4.2,72,1
O129,Orphanage,5,0.05,28407,4556,2.0,11,0
N130,NGO,21,0.93,333823,1295,4.9,74,1
O131,Orphanage,28,0.74,50110,1251,4.4,84,1
N132,NGO,19,0.96,379524,2484,4.4,91,1
N133,NGO,27,1.0,483938,4472,3.9,76,1
N134,NGO,10,1.0,466303,1446,4.6,77,1
N135,NGO,5,0.3,37746,3311,2.4,44,1
O136,Orphanage,15,0.81,294609,4011,4.7,84,1
O137,Orphanage,22,0.91,270510,3966,4.1,84,1
O138,Orphanage,21,0.85,309216,699,4.7,95,1
O139,Orphanage,0,0.06,21570,2192,0.2,21,0
O140,Orphanage,16,0.67,272244,2238,4.6,72,1
N141,NGO,4,0.96,489426,2054,4.7,83,1
O142,Orphanage,19,0.85,263132,1529,3.7,83,1
N143,NGO,3,0.86,206722,2758,4.9,91,1
N144,NGO,29,0.85,476822,4171,3.6,70,1
O145,Orphanage,8,0.99,337152,3393,3.7,75,1
N146,NGO,3,0.93,328875,646,4.8,81,1
O147,Orphanage,10,0.75,227719,970,3.5,96,1
N148,NGO,0,0.1,19968,4708,1.6,10,0
O149,Orphanage,14,0.98,255665,525,4.5,74,1
N150,NGO,3,0.1,1311,3588,1.1,24,0
N151,NGO,6,0.97,388127,4509,3.5,85,1
N152,NGO,3,0.18,48455,2509,1.0,5,0
N153,NGO,28,0.72,174243,3134,3.5,87,1
N154,NGO,0,0.72,473996,2081,4.2,93,1
O155,Orphanage,16,0.97,438283,861,4.8,80,1
N156,NGO,5,0.12,31774,1207,0.1,27,0
O157,Orphanage,16,0.94,433016,4647,4.8,89,1
N158,NGO,24,0.73,499605,4282,3.9,82,1
O159,Orphanage,19,0.8,346335,4370,4.1,97,1
O160,Orphanage,13,0.97,257367,3406,3.2,99,1
N161,NGO,4,0.22,36821,4980,1.1,1,0
O162,Orphanage,2,0.18,20552,4478,1.3,29,1
O163,Orphanage,11,0.7,289562,1616,3.2,96,1
O164,Orphanage,1,0.67,216816,2269,3.8,81,1
N165,NGO,26,0.8,187320,4090,3.7,91,1
O166,Orphanage,20,0.7,73344,2137,3.7,78,1
O167,Orphanage,3,0.04,8186,4577,1.9,6,0
O168,Orphanage,5,0.09,31940,1595,2.8,16,1
N169,NGO,16,0.98,281842,1833,3.8,84,1
O170,Orphanage,15,0.98,455711,3180,3.8,93,1
O171,Orphanage,6,0.87,50340,4704,4.7,97,1
O172,Orphanage,8,0.74,214599,4752,3.5,73,1
N173,NGO,8,0.67,365701,1465,3.2,71,1
O174,Orphanage,4,0.82,269618,4407,4.9,94,1
O175,Orphanage,24,0.75,481639,1872,3.9,83,1
N176,NGO,16,0.94,364502,2337,3.4,77,1
N177,NGO,30,0.89,477907,2838,3.1,87,1
N178,NGO,19,0.86,298335,3582,3.6,97,1
O179,Orphanage,9,0.73,322599,4793,3.4,87,1
O180,Orphanage,9,0.98,281832,4041,4.9,88,1
N181,NGO,27,0.79,247423,2881,3.6,72,1
N182,NGO,1,0.22,38990,3206,0.6,1,0
N183,NGO,12,0.92,239008,640,4.7,94,1
O184,Orphanage,4,0.78,167780,4544,3.3,89,1
O185,Orphanage,15,0.85,222624,3976,3.4,70,1
N186,NGO,24,0.97,68406,4171,3.1,79,1
O187,Orphanage,16,0.9,296686,4542,4.2,72,1
N188,NGO,4,0.21,24892,1692,1.0,40,0
O189,Orphanage,2,0.05,33145,2601,0.8,29,0
N190,NGO,16,0.87,402309,3817,3.8,84,1
N191,NGO,3,0.91,165522,2553,4.1,77,1
N192,NGO,24,0.96,135673,2249,4.3,73,1
N193,NGO,1,0.13,45062,4261,2.5,46,1
O194,Orphanage,3,0.28,17292,2343,3.0,0,1
N195,NGO,0,0.08,47396,755,2.7,25,1
O196,Orphanage,29,0.9,352185,603,4.2,85,1
O197,Orphanage,3,0.05,4174,4105,1.0,4,0
N198,NGO,6,0.73,296804,4550,3.2,75,1
N199,NGO,2,0.28,5425,2844,0.1,45,0
N200,NGO,5,0.26,31143,3575,1.0,1,0
N201,NGO,7,0.74,98691,3098,4.4,99,1
N202,NGO,0,0.07,40668,4826,1.2,11,0
O203,Orphanage,28,0.93,260238,4669,3.1,92,1
N204,NGO,5,0.81,390550,4750,3.1,78,1
O205,Orphanage,0,0.09,47983,4827,0.5,1,0
O206,Orphanage,3,0.07,36200,731,0.8,34,1
O207,Orphanage,30,0.78,498015,4970,4.1,89,1
N208,NGO,28,0.98,311156,4312,4.2,89,1
O209,Orphanage,5,0.85,258157,4651,4.4,94,1
O210,Orphanage,8,0.98,245201,1241,4.0,70,1
N211,NGO,4,0.24,24401,1737,1.3,21,0
N212,NGO,8,0.94,463137,572,4.9,86,1
O213,Orphanage,9,0.69,160247,3646,4.9,88,1
N214,NGO,0,0.89,258016,810,3.0,71,1
O215,Orphanage,14,0.71,463063,3082,3.1,75,1
N216,NGO,10,0.69,187750,4392,4.0,76,1
O217,Orphanage,3,0.01,41767,469,0.2,16,0
N218,NGO,27,0.87,385042,4858,4.3,85,1
O219,Orphanage,5,0.87,431268,4373,3.1,89,1
O220,Orphanage,11,0.96,155732,3432,4.6,100,1
N221,NGO,7,0.76,161488,559,3.2,82,1
N222,NGO,3,0.79,479957,1077,4.6,73,1
N223,NGO,0,0.22,7846,4160,2.6,48,1
O224,Orphanage,9,0.76,145506,4299,3.6,97,1
N225,NGO,27,0.73,149804,1624,3.4,84,1
N226,NGO,24,0.77,439401,2079,4.6,79,1
N227,NGO,4,0.11,3972,1116,2.1,13,0
N228,NGO,1,0.28,2074,118,2.1,33,0
O229,Orphanage,4,0.11,39297,4305,1.8,28,0
O230,Orphanage,22,0.92,187580,3203,4.9,91,1
O231,Orphanage,2,0.02,969,2147,0.2,15,0
N232,NGO,0,0.01,7450,3477,2.0,32,0
O233,Orphanage,14,0.81,313307,1244,3.2,79,1
N234,NGO,19,0.82,228198,4094,4.8,77,1
O235,Orphanage,14,0.83,68406,757,4.4,96,1
O236,Orphanage,10,0.69,110559,2347,4.8,84,1
N237,NGO,1,0.27,22188,1376,2.2,26,0
O238,Orphanage,10,0.97,175045,4714,4.6,96,1
N239,NGO,2,0.72,79368,4595,3.7,86,1
N240,NGO,5,0.1,43013,4524,1.4,50,0
N241,NGO,17,0.69,103663,4902,4.5,74,1
N242,NGO,20,0.75,96206,1862,3.5,73,1
O243,Orphanage,13,0.79,267005,2086,3.5,81,1
O244,Orphanage,4,0.06,45086,2481,2.1,21,1
O245,Orphanage,26,0.98,241987,4219,3.3,83,1
N246,NGO,0,0.04,45888,924,0.3,25,0
O247,Orphanage,5,0.27,25845,1410,2.5,30,0
O248,Orphanage,23,0.82,318743,3325,3.7,90,1
N249,NGO,10,0.76,156156,2833,4.0,96,1
O250,Orphanage,2,0.83,205210,2321,4.8,89,1
O251,Orphanage,14,0.85,215549,1240,3.8,78,1
O252,Orphanage,28,0.96,481426,2006,4.4,84,1
N253,NGO,6,0.92,151877,3442,3.9,96,1
N254,NGO,15,0.93,53047,2301,4.0,84,1
O255,Orphanage,4,0.14,44704,3877,3.0,28,0
N256,NGO,25,1.0,230531,624,5.0,82,1
O257,Orphanage,27,0.88,372161,2322,3.9,72,1
N258,NGO,11,0.68,326280,4920,4.1,73,1
O259,Orphanage,3,0.06,15005,4709,1.5,32,0
O260,Orphanage,23,0.97,350354,3691,3.2,73,1
O261,Orphanage,20,0.93,291032,3721,3.4,96,1
O262,Orphanage,16,0.97,444305,1845,4.3,73,1
N263,NGO,4,0.08,18035,2832,0.8,34,0
N264,NGO,2,0.16,33142,440,2.4,30,0
O265,Orphanage,0,0.12,6049,4793,2.7,10,0
N266,NGO,6,0.67,147794,1502,4.2,73,1
O267,Orphanage,12,0.8,336096,2886,3.2,84,1
O268,Orphanage,1,0.01,14345,1031,1.7,37,0
N269,NGO,4,0.12,41565,2672,2.3,17,1
N270,NGO,2,0.21,18450,1833,2.9,0,1
O271,Orphanage,5,0.16,36828,4362,2.0,12,0
O272,Orphanage,21,0.88,76026,4035,4.7,100,1
O273,Orphanage,12,0.76,371568,2846,4.3,99,1
O274,Orphanage,21,0.76,264938,4975,3.2,75,1
N275,NGO,15,0.76,485903,2604,4.1,100,1
O276,Orphanage,5,0.15,44901,4660,2.5,41,1
N277,NGO,12,0.76,234167,3461,3.0,88,1
O278,Orphanage,23,0.8,188912,1460,4.7,100,1
O279,Orphanage,0,0.21,33066,4942,0.9,37,0
N280,NGO,4,0.18,2315,2699,0.6,12,0
O281,Orphanage,25,0.9,334978,2859,4.3,96,1
N282,NGO,12,0.92,184711,4870,3.2,80,1
N283,NGO,5,0.04,45707,1123,0.9,33,0
N284,NGO,30,0.97,374305,2704,3.4,91,1
O285,Orphanage,5,0.92,294546,2592,4.7,90,1
O286,Orphanage,3,0.82,413874,1324,3.7,88,1
O287,Orphanage,15,0.72,321089,3024,4.9,88,1
O288,Orphanage,20,0.9,189737,2692,3.4,72,1
N289,NGO,24,0.95,291319,712,3.6,99,1
O290,Orphanage,26,0.68,197678,2364,3.6,99,1
O291,Orphanage,2,0.18,45313,4102,0.2,39,0
N292,NGO,3,0.05,46945,361,0.9,47,0
N293,NGO,16,1.0,404862,2320,3.3,81,1
O294,Orphanage,29,0.82,334887,3108,4.8,73,1
O295,Orphanage,9,0.92,226492,1240,4.9,78,1
O296,Orphanage,10,0.72,152688,4013,3.2,71,1
O297,Orphanage,10,0.85,53441,3424,4.0,95,1
N298,NGO,10,0.94,419150,1058,3.5,81,1
O299,Orphanage,1,0.14,47641,3803,1.2,5,0
O300,Orphanage,0,0.25,38582,3152,2.4,31,0
O301,Orphanage,29,0.78,407525,2574,3.8,97,1
N302,NGO,27,0.8,354743,4743,3.4,73,1
N303,NGO,0,0.16,15373,3249,0.6,20,0
O304,Orphanage,22,0.89,368806,3952,4.6,89,1
O305,Orphanage,17,0.71,271167,4742,4.1,88,1
O306,Orphanage,0,0.27,2391,4999,1.9,7,0
O307,Orphanage,30,0.76,232131,4284,4.6,99,1
O308,Orphanage,4,0.03,33063,4820,1.8,16,0
O309,Orphanage,2,0.18,32082,2514,2.5,30,0
N310,NGO,5,0.29,7836,142,0.7,48,1
N311,NGO,15,0.82,288530,2566,3.0,99,1
N312,NGO,5,0.3,15741,4142,2.6,46,1
N313,NGO,3,0.11,11526,3937,2.6,14,0
O314,Orphanage,23,0.72,466365,2178,4.1,100,1
O315,Orphanage,5,0.2,21584,1682,1.2,22,0
O316,Orphanage,1,0.15,40274,351,0.5,24,0
O317,Orphanage,3,0.26,32839,3999,2.8,13,1
N318,NGO,17,0.68,211464,2353,5.0,83,1
O319,Orphanage,21,0.92,439421,1843,4.7,88,1
N320,NGO,17,0.81,403442,1843,3.8,71,1
O321,Orphanage,14,0.74,307392,2775,4.3,70,1
N322,NGO,4,0.01,42808,2825,3.0,21,0
O323,Orphanage,29,0.92,438468,3195,4.0,89,1
N324,NGO,5,0.06,48761,2721,1.1,3,0
N325,NGO,12,0.95,62853,2970,3.9,71,1
O326,Orphanage,21,0.97,142504,2918,3.9,78,1
N327,NGO,4,0.0,13800,376,2.5,44,1
N328,NGO,3,0.01,11828,444,0.8,39,0
O329,Orphanage,9,0.89,211591,4315,3.4,92,1
O330,Orphanage,19,0.99,164044,4972,3.6,87,1
O331,Orphanage,24,0.87,59326,3064,3.6,99,1
N332,NGO,5,0.27,558,135,2.7,10,0
O333,Orphanage,24,0.96,320326,1939,3.5,93,1
O334,Orphanage,1,0.22,47328,4854,2.9,24,1
N335,NGO,25,0.92,392827,2837,3.1,73,1
N336,NGO,4,0.29,35840,2520,0.8,18,1
N337,NGO,10,0.82,481330,1220,3.2,73,1
N338,NGO,0,0.82,280917,2860,3.8,77,1
O339,Orphanage,16,0.71,284268,1292,4.3,76,1
O340,Orphanage,4,0.05,35622,3374,2.9,0,0
N341,NGO,3,0.09,45184,4193,1.7,36,0
O342,Orphanage,27,0.97,428622,1833,3.1,79,1
O343,Orphanage,4,0.21,43890,1102,1.1,10,0
O344,Orphanage,14,0.87,314606,644,4.4,92,1
N345,NGO,0,0.16,15319,4683,2.9,37,0
O346,Orphanage,23,0.97,55388,1792,4.6,83,1
O347,Orphanage,19,0.86,199503,4876,4.6,76,1
O348,Orphanage,19,0.74,205811,861,3.2,75,1
N349,NGO,2,0.7,207726,4771,4.4,99,1
N350,NGO,7,1.0,419501,4036,4.6,96,1
N351,NGO,13,0.87,370153,4878,3.7,90,1
O352,Orphanage,3,0.2,2521,2209,2.1,45,1
N353,NGO,0,0.1,13165,2755,1.8,49,1
O354,Orphanage,16,0.87,477447,3814,3.9,88,1
O355,Orphanage,30,0.8,276227,4377,3.6,80,1
O356,Orphanage,30,0.98,80564,4010,3.9,73,1
N357,NGO,4,0.66,124249,1065,4.5,95,1
O358,Orphanage,1,0.97,326477,2435,4.2,86,1
O359,Orphanage,3,0.05,16189,3999,2.4,46,1
N360,NGO,2,0.7,378008,3546,4.4,90,1
N361,NGO,28,0.78,424472,3307,4.0,87,1
O362,Orphanage,26,0.92,286260,959,3.0,71,1
N363,NGO,10,0.89,313678,2915,4.2,75,1
N364,NGO,11,0.94,399971,4135,4.4,78,1
N365,NGO,3,0.18,21494,1881,2.9,5,1
O366,Orphanage,30,0.82,132672,3389,4.6,97,1
O367,Orphanage,3,0.01,38978,3254,0.7,18,0
N368,NGO,9,0.68,242893,949,4.2,88,1
O369,Orphanage,24,0.91,326259,3817,3.4,82,1
O370,Orphanage,0,0.02,4226,1029,2.2,16,0
N371,NGO,3,0.04,21444,1300,1.1,16,0
N372,NGO,4,0.01,9504,212,1.7,14,0
N373,NGO,23,0.99,375261,1546,3.6,92,1
N374,NGO,5,0.17,8206,4161,0.7,29,0
N375,NGO,3,0.97,489746,4218,3.7,72,1
O376,Orphanage,0,0.03,16267,3771,0.2,31,0
N377,NGO,2,0.93,147108,2826,4.9,87,1
O378,Orphanage,8,0.85,71194,4727,4.7,70,1
O379,Orphanage,2,0.28,13204,3634,2.2,41,0
N380,NGO,5,0.23,47601,2162,1.7,47,1
N381,NGO,20,0.67,275643,604,3.6,95,1
N382,NGO,3,0.1,1017,3761,0.1,30,0
O383,Orphanage,4,0.67,310871,3008,4.1,71,1
N384,NGO,0,0.66,280388,2196,3.4,85,1
O385,Orphanage,6,0.72,225994,1600,3.1,78,1
N386,NGO,6,0.78,136267,1620,3.3,93,1
O387,Orphanage,23,0.71,100940,3286,4.2,88,1
N388,NGO,0,0.02,3229,3864,1.9,20,0
O389,Orphanage,23,0.73,398438,4009,3.8,81,1
N390,NGO,14,0.67,247254,1916,4.9,92,1
O391,Orphanage,0,0.22,44816,3154,2.2,19,1
N392,NGO,13,0.89,461421,4442,4.4,91,1
N393,NGO,5,0.25,25932,4513,0.6,32,0
O394,Orphanage,1,0.88,387464,3573,3.2,72,1
N395,NGO,2,0.24,17027,1241,0.9,20,0
O396,Orphanage,4,0.68,287961,1894,3.4,88,1
O397,Orphanage,2,0.23,31177,3025,1.2,32,0
N398,NGO,14,0.91,213378,1234,3.1,92,1
O399,Orphanage,30,0.83,268893,4970,5.0,77,1
O400,Orphanage,0,0.92,227216,4957,4.3,92,1
N401,NGO,14,0.66,333807,4372,3.7,71,1
O402,Orphanage,23,0.82,158092,1782,3.0,82,1
O403,Orphanage,10,0.83,104863,898,4.5,90,1
N404,NGO,19,0.77,70544,4250,5.0,95,1
O405,Orphanage,30,0.95,438953,1053,4.8,71,1
N406,NGO,4,0.11,42530,4278,2.7,44,1
N407,NGO,18,0.86,231588,3372,4.5,79,1
O408,Orphanage,30,0.91,416095,1224,3.6,77,1
N409,NGO,15,0.7,429678,2523,3.7,86,1
N410,NGO,20,0.9,472964,532,3.9,97,1
O411,Orphanage,2,0.01,45703,1414,2.2,16,0
N412,NGO,30,0.84,181339,4366,3.2,96,1
N413,NGO,4,0.29,7769,444,0.3,15,0
O414,Orphanage,1,0.24,35627,1276,1.5,6,0
O415,Orphanage,12,0.91,276742,4040,4.6,87,1
N416,NGO,7,0.92,166057,1521,3.8,84,1
O417,Orphanage,10,0.76,98586,4785,4.0,83,1
O418,Orphanage,3,0.09,23889,4584,1.5,47,0
N419,NGO,24,0.88,203135,760,3.4,86,1
O420,Orphanage,18,0.96,193723,738,3.8,80,1
O421,Orphanage,15,0.69,288271,2662,4.0,72,1
N422,NGO,10,0.92,70786,4252,3.8,87,1
N423,NGO,23,0.78,107031,1949,3.6,71,1
N424,NGO,1,0.1,31711,111,1.8,27,0
N425,NGO,2,0.68,439123,1166,3.8,78,1
N426,NGO,29,0.82,492818,4521,4.1,73,1
O427,Orphanage,1,0.11,2352,864,0.3,24,0
N428,NGO,8,0.94,134302,1121,4.5,72,1
N429,NGO,3,0.24,38550,1372,1.5,42,0
N430,NGO,6,0.85,312522,1792,4.1,92,1
O431,Orphanage,4,0.23,7435,318,1.3,1,0
N432,NGO,18,0.79,484423,1174,5.0,72,1
O433,Orphanage,18,0.65,338187,712,4.4,85,1
O434,Orphanage,4,0.99,416578,4081,4.1,92,1
N435,NGO,9,0.91,285986,1280,4.9,80,1
N436,NGO,21,0.83,498007,3386,3.2,85,1
O437,Orphanage,14,0.87,119494,4355,4.7,79,1
O438,Orphanage,21,0.66,436668,3243,4.3,93,1
O439,Orphanage,27,0.88,269818,2943,3.6,75,1
O440,Orphanage,12,0.72,425334,2029,4.5,79,1
O441,Orphanage,28,0.9,311360,2560,4.0,92,1
O442,Orphanage,6,0.86,409507,4351,3.4,86,1
O443,Orphanage,26,0.7,477340,2543,3.1,83,1
O444,Orphanage,26,0.84,267705,3479,3.3,74,1
O445,Orphanage,30,0.93,288301,4102,4.2,79,1
N446,NGO,26,0.81,319986,559,4.7,80,1
N447,NGO,2,0.73,370147,2935,3.5,87,1
O448,Orphanage,12,0.89,102074,4288,3.3,77,1
O449,Orphanage,20,0.78,151641,1460,3.0,90,1
N450,NGO,26,0.78,353729,4851,4.3,83,1
O451,Orphanage,9,0.93,147275,3221,3.6,78,1
N452,NGO,17,0.93,81239,2976,3.4,79,1
O453,Orphanage,27,0.73,283929,4741,3.5,82,1
N454,NGO,0,0.0,48064,2762,1.6,4,0
O455,Orphanage,3,0.14,18928,3580,1.6,13,0
O456,Orphanage,0,0.27,25938,2911,2.8,42,1
O457,Orphanage,30,0.85,456647,751,3.5,94,1
N458,NGO,11,0.79,336747,779,3.9,87,1
N459,NGO,5,0.25,42808,2721,1.9,40,1
N460,NGO,15,0.76,481534,2871,4.2,78,1
N461,NGO,17,0.74,490793,2961,4.2,80,1
O462,Orphanage,5,0.87,216301,2670,3.7,77,1
O463,Orphanage,4,0.65,78436,4993,3.7,74,1
N464,NGO,29,0.93,93937,2725,4.9,89,1
N465,NGO,7,0.85,288395,2993,4.1,89,1
N466,NGO,5,0.13,36169,802,2.0,14,0
N467,NGO,7,0.73,144697,613,4.8,71,1
N468,NGO,2,0.81,276797,1365,4.3,95,1
N469,NGO,29,0.71,277811,4818,3.6,91,1
N470,NGO,13,0.91,58881,2855,4.4,89,1
O471,Orphanage,23,0.77,191890,2997,4.8,85,1
O472,Orphanage,3,0.21,38047,4113,2.7,13,1
N473,NGO,27,0.84,205898,2629,3.2,93,1
O474,Orphanage,3,0.1,23870,4946,2.3,21,0
N475,NGO,9,0.69,321245,3536,4.6,78,1
O476,Orphanage,0,0.17,3987,4285,2.2,39,0
N477,NGO,0,0.17,12040,830,0.7,50,0
O478,Orphanage,20,0.83,442239,3512,3.9,74,1
O479,Orphanage,9,0.66,268823,1777,5.0,84,1
O480,Orphanage,3,0.89,216907,928,4.5,73,1
O481,Orphanage,13,0.75,396129,1652,3.6,88,1
O482,Orphanage,0,0.23,19876,1212,0.6,44,0
O483,Orphanage,30,0.82,286346,4534,4.1,91,1
N484,NGO,6,0.79,493142,2994,4.1,82,1
O485,Orphanage,24,0.75,485845,2974,5.0,82,1
N486,NGO,4,0.1,49638,4120,0.8,5,0
O487,Orphanage,23,0.73,414207,709,3.4,81,1
N488,NGO,12,0.79,55446,527,4.5,87,1
N489,NGO,5,0.03,45953,3187,0.9,28,0
N490,NGO,1,0.02,32432,3905,1.4,5,0
N491,NGO,11,0.69,342784,3705,3.2,80,1
N492,NGO,19,0.79,299108,1822,3.8,92,1
O493,Orphanage,3,0.03,10321,2177,2.3,43,1
O494,Orphanage,5,0.03,19953,1291,1.8,46,1
N495,NGO,0,0.75,478926,3939,4.8,80,1
N496,NGO,4,0.11,15524,1625,0.1,32,0
O497,Orphanage,21,0.73,265754,844,3.2,75,1
N498,NGO,11,0.84,209723,1061,4.3,88,1
O499,Orphanage,16,0.65,274113,2256,4.8,93,1
O500,Orphanage,7,0.81,270117,3260,3.7,78,1
N501,NGO,5,0.81,174944,3682,4.3,80,1
N502,NGO,0,0.15,24618,1848,1.1,41,0
N503,NGO,4,0.77,457479,3568,4.1,99,1
N504,NGO,8,0.83,125403,1687,4.9,77,1
N505,NGO,0,0.06,29686,4909,1.2,46,0
O506,Orphanage,22,0.78,427123,3320,3.6,70,1
O507,Orphanage,5,0.69,371320,1630,4.5,83,1
N508,NGO,4,0.18,3747,453,2.0,45,0
O509,Orphanage,27,0.88,153991,4099,3.9,84,1
O510,Orphanage,28,0.71,357373,752,3.8,92,1
O511,Orphanage,27,0.77,60022,1394,3.9,71,1
N512,NGO,9,0.68,360945,3923,4.3,75,1
N513,NGO,22,0.86,260001,3642,4.7,86,1
O514,Orphanage,2,0.68,303113,4112,4.5,73,1
N515,NGO,16,0.92,350410,4933,4.2,85,1
N516,NGO,28,0.72,398972,2528,3.3,89,1
N517,NGO,22,0.7,459696,3808,3.1,72,1
N518,NGO,5,0.8,287810,1562,3.6,90,1
O519,Orphanage,16,0.95,67283,2414,4.3,72,1
O520,Orphanage,18,0.76,470300,4384,3.7,94,1
N521,NGO,2,0.24,20268,926,1.4,13,0
N522,NGO,22,0.83,71165,3734,3.6,95,1
N523,NGO,28,0.67,403914,4952,4.6,99,1
O524,Orphanage,26,0.65,311795,1139,3.4,82,1
O525,Orphanage,4,0.26,28831,1518,0.4,27,0
O526,Orphanage,24,0.93,478392,837,4.3,94,1
N527,NGO,12,0.91,82692,2484,4.9,79,1
N528,NGO,23,0.8,325716,2923,3.9,75,1
O529,Orphanage,0,0.28,15514,4743,1.1,50,0
O530,Orphanage,9,0.7,149350,1764,4.3,89,1
N531,NGO,25,0.97,288190,3799,4.2,70,1
N532,NGO,28,0.97,270155,1838,3.8,70,1
N533,NGO,19,0.73,279590,2208,4.4,90,1
O534,Orphanage,5,0.09,23336,1185,1.5,30,0
O535,Orphanage,9,0.94,189027,2080,3.8,79,1
N536,NGO,5,0.19,6206,3107,0.8,36,1
O537,Orphanage,4,0.71,184369,4247,4.9,78,1
N538,NGO,30,0.74,459293,3212,3.0,86,1
N539,NGO,26,0.8,205499,2205,3.5,71,1
N540,NGO,4,0.14,5228,2876,0.2,10,0
O541,Orphanage,1,0.3,37299,165,1.7,24,0
N542,NGO,25,0.68,276153,1541,4.3,88,1
N543,NGO,5,0.04,17637,4553,0.1,12,0
O544,Orphanage,0,0.2,38590,4789,2.9,8,0
N545,NGO,3,0.01,42135,3647,2.4,6,0
N546,NGO,4,0.23,16207,1045,0.2,48,1
N547,NGO,5,0.12,48383,1946,1.3,33,0
O548,Orphanage,19,0.92,133945,1724,4.9,84,1
O549,Orphanage,4,0.86,51562,3928,3.1,74,1
O550,Orphanage,8,0.72,199879,3285,4.9,85,1
N551,NGO,27,0.83,448617,4927,4.4,83,1
O552,Orphanage,5,0.86,381849,1320,3.9,96,1
N553,NGO,10,0.83,176221,1392,4.2,94,1
N554,NGO,0,0.02,26490,3329,2.9,0,0
O555,Orphanage,7,0.97,387779,4057,4.0,73,1
N556,NGO,1,0.99,279070,3598,3.8,90,1
N557,NGO,4,0.21,28808,1555,2.9,3,1
O558,Orphanage,0,0.28,26226,4539,1.3,3,0
N559,NGO,8,0.85,51641,4931,3.8,92,1
O560,Orphanage,14,0.65,311594,2039,3.7,86,1
O561,Orphanage,15,0.85,96844,2465,3.4,97,1
O562,Orphanage,28,0.74,304052,2013,4.9,83,1
N563,NGO,14,0.67,370503,4058,3.2,72,1
O564,Orphanage,0,0.86,58276,1180,4.7,85,1
N565,NGO,4,0.01,13431,1081,0.4,49,0
O566,Orphanage,5,0.05,32436,4024,0.5,5,0
O567,Orphanage,22,0.92,281002,3923,3.5,100,1
O568,Orphanage,25,0.91,341489,818,3.4,97,1
O569,Orphanage,10,0.67,80199,3567,3.3,88,1
N570,NGO,3,0.06,6635,981,0.3,28,0
N571,NGO,16,0.87,493618,1588,4.5,93,1
O572,Orphanage,9,0.99,354284,2125,3.1,80,1
O573,Orphanage,9,0.82,434076,2079,4.1,97,1
O574,Orphanage,28,0.69,440027,2008,4.2,81,1
N575,NGO,28,0.67,76500,628,3.5,98,1
O576,Orphanage,17,0.93,463820,1728,4.7,74,1
N577,NGO,3,0.1,27609,4372,2.0,9,0
N578,NGO,27,0.68,101084,2201,4.8,70,1
O579,Orphanage,26,0.91,360993,3113,3.5,88,1
O580,Orphanage,20,0.94,329712,729,4.7,73,1
N581,NGO,5,0.12,28635,759,2.2,43,0
N582,NGO,0,0.12,14894,290,2.1,22,0
O583,Orphanage,26,0.73,427153,1505,3.7,96,1
O584,Orphanage,24,0.79,482170,1244,4.5,87,1
O585,Orphanage,14,0.77,226648,3247,3.4,72,1
O586,Orphanage,27,0.76,317164,1439,3.1,97,1
N587,NGO,0,0.88,336388,4912,4.0,95,1
N588,NGO,30,0.85,125614,1200,4.2,74,1
N589,NGO,4,0.05,25702,872,2.4,40,0
N590,NGO,19,0.67,54707,3813,4.0,71,1
N591,NGO,28,0.69,71867,1781,3.4,98,1
N592,NGO,2,0.03,39223,2800,2.2,5,0
O593,Orphanage,2,0.17,35673,3621,1.8,41,0
O594,Orphanage,4,0.23,5434,3702,1.1,14,0
N595,NGO,16,0.71,379497,612,4.4,84,1
O596,Orphanage,15,0.82,419566,1434,4.0,85,1
N597,NGO,19,0.88,331131,4501,3.8,90,1
N598,NGO,8,0.7,455776,506,4.9,75,1
N599,NGO,6,0.81,372723,4846,3.7,71,1
O600,Orphanage,3,0.84,351659,2542,4.4,75,1
N601,NGO,29,0.73,429137,1236,4.1,91,1
N602,NGO,20,0.96,475927,885,3.5,81,1
N603,NGO,26,0.72,258938,4174,4.9,88,1
N604,NGO,5,0.91,285972,3154,3.4,84,1
N605,NGO,18,0.92,216742,1265,3.3,93,1
N606,NGO,17,0.93,78639,989,4.0,71,1
O607,Orphanage,28,0.92,319994,2973,3.5,100,1
N608,NGO,0,0.77,343001,2576,4.3,70,1
O609,Orphanage,6,0.75,79471,4073,3.5,85,1
N610,NGO,1,0.0,45610,2659,2.8,34,0
N611,NGO,26,0.68,434071,4081,3.3,87,1
N612,NGO,21,0.78,481974,2863,4.5,79,1
O613,Orphanage,7,0.72,295476,4853,4.8,99,1
N614,NGO,1,0.1,25465,4248,0.8,24,0
N615,NGO,4,0.98,222614,4579,4.0,100,1
O616,Orphanage,11,0.91,393835,1971,4.6,90,1
N617,NGO,1,0.02,4696,828,2.4,24,0
N618,NGO,20,0.78,459672,922,4.0,85,1
O619,Orphanage,3,0.2,6910,702,2.8,0,0
O620,Orphanage,25,0.89,214350,4481,3.9,75,1
O621,Orphanage,6,0.98,296318,807,4.7,98,1
N622,NGO,2,0.1,11272,1255,2.9,22,0
N623,NGO,0,0.71,487104,3048,3.6,92,1
N624,NGO,6,0.66,422056,1364,3.4,88,1
N625,NGO,5,0.27,7062,586,0.4,14,0
N626,NGO,11,0.79,341391,3044,4.7,92,1
N627,NGO,2,0.18,28774,3126,1.2,48,1
N628,NGO,20,0.94,467059,1257,4.3,80,1
N629,NGO,0,0.7,71655,3676,3.9,74,1
O630,Orphanage,11,0.87,106980,4905,3.8,87,1
O631,Orphanage,2,0.04,47354,1558,2.0,47,0
O632,Orphanage,13,0.86,345946,1512,3.2,97,1
O633,Orphanage,9,0.69,282890,1309,4.3,75,1
O634,Orphanage,25,0.91,134399,678,4.1,71,1
N635,NGO,27,0.85,87677,898,4.9,95,1
N636,NGO,22,0.85,85052,4273,4.9,73,1
O637,Orphanage,16,0.82,110897,3479,4.0,80,1
O638,Orphanage,5,0.97,131266,2202,4.9,97,1
N639,NGO,6,0.91,152434,4963,4.6,99,1
N640,NGO,18,0.65,88461,682,4.8,75,1
N641,NGO,5,0.28,15810,2360,2.3,41,1
N642,NGO,7,0.74,91753,1850,4.4,89,1
O643,Orphanage,19,0.75,487892,3048,3.1,83,1
O644,Orphanage,14,0.79,93360,2894,3.8,96,1
N645,NGO,5,0.21,40500,4394,1.6,36,0
O646,Orphanage,12,0.66,385597,4809,3.7,100,1
O647,Orphanage,5,0.74,316483,1572,3.0,85,1
N648,NGO,23,0.85,60234,2930,4.9,80,1
N649,NGO,22,0.96,110087,1153,3.8,71,1
O650,Orphanage,2,0.22,29096,226,2.2,34,0
O651,Orphanage,4,0.17,17730,3148,1.8,42,1
N652,NGO,30,0.95,91427,784,4.2,94,1
O653,Orphanage,0,0.12,41092,3379,2.0,18,0
N654,NGO,3,0.22,13170,2544,0.2,1,0
O655,Orphanage,29,0.88,213421,4560,3.4,100,1
N656,NGO,26,0.89,247203,953,3.1,70,1
N657,NGO,1,0.86,462856,1313,3.4,93,1
O658,Orphanage,23,0.69,87525,2676,3.1,89,1
N659,NGO,5,0.12,26760,4957,2.8,1,0
O660,Orphanage,4,0.67,432856,4714,5.0,99,1
O661,Orphanage,3,0.1,49509,4875,1.9,15,0
O662,Orphanage,7,0.89,303339,4568,3.7,87,1
O663,Orphanage,4,0.94,227746,635,4.1,83,1
N664,NGO,28,0.9,478433,4107,3.8,85,1
N665,NGO,7,0.93,257925,2429,4.1,71,1
O666,Orphanage,30,0.94,199497,3302,3.7,87,1
N667,NGO,25,0.85,73990,715,3.7,100,1
N668,NGO,30,0.78,429163,3129,4.5,87,1
N669,NGO,26,0.92,388962,3210,3.2,98,1
O670,Orphanage,0,0.07,15805,2323,1.5,43,0
N671,NGO,13,0.75,68990,3998,3.8,80,1
O672,Orphanage,2,0.13,19723,1822,1.9,26,0
N673,NGO,4,0.76,191768,2194,4.8,78,1
N674,NGO,17,0.71,176823,4801,4.7,84,1
O675,Orphanage,30,0.8,279659,2224,3.4,75,1
O676,Orphanage,30,0.67,355228,3519,4.0,97,1
O677,Orphanage,17,0.89,173717,4369,3.6,83,1
O678,Orphanage,20,0.91,68500,2295,3.9,79,1
O679,Orphanage,5,0.78,286753,4083,3.3,82,1
N680,NGO,15,0.94,455360,2343,3.3,89,1
N681,NGO,22,0.8,137472,4868,3.4,71,1
N682,NGO,17,0.99,494702,3104,4.6,95,1
N683,NGO,14,0.97,286055,3272,3.7,81,1
O684,Orphanage,30,0.84,347508,1853,3.3,76,1
N685,NGO,11,0.9,172845,1388,4.6,74,1
N686,NGO,4,0.7,94624,2736,3.6,90,1
O687,Orphanage,7,0.72,152075,792,3.2,74,1
N688,NGO,30,0.69,375119,672,3.4,82,1
N689,NGO,4,0.0,30441,4230,1.4,12,0
O690,Orphanage,8,0.88,123599,656,3.7,89,1
N691,NGO,2,0.8,133742,3757,3.7,87,1
N692,NGO,5,0.07,37,4616,0.4,11,0
N693,NGO,11,0.97,73712,587,3.6,98,1
N694,NGO,16,0.84,287447,2070,3.9,99,1
N695,NGO,3,0.83,154347,4056,3.9,90,1
N696,NGO,17,0.89,323826,2816,4.0,76,1
O697,Orphanage,8,0.93,324738,1912,4.1,71,1
N698,NGO,6,0.98,380064,4558,4.3,90,1
O699,Orphanage,27,0.94,346636,4093,4.3,86,1
O700,Orphanage,27,0.69,126745,4664,3.2,94,1
N701,NGO,16,0.99,226778,2232,3.8,92,1
O702,Orphanage,3,0.24,19526,259,2.2,11,0
N703,NGO,4,0.99,70494,3555,4.2,87,1
O704,Orphanage,3,0.19,42660,3284,3.0,5,0
N705,NGO,0,0.18,959,2503,1.8,7,0
N706,NGO,2,0.66,498108,4109,3.1,84,1
N707,NGO,12,0.73,417655,2597,3.2,94,1
N708,NGO,27,0.69,132846,1589,4.6,85,1
O709,Orphanage,4,0.92,399134,1601,4.9,98,1
N710,NGO,23,0.84,113238,4898,4.5,92,1
N711,NGO,14,0.67,237797,3940,4.5,80,1
O712,Orphanage,1,0.05,49278,916,0.5,7,0
N713,NGO,4,0.28,6467,3283,1.9,10,0
N714,NGO,15,0.73,256173,3706,4.6,83,1
O715,Orphanage,23,0.87,498435,1942,3.7,88,1
O716,Orphanage,17,0.79,481812,2973,4.2,83,1
O717,Orphanage,0,0.01,24592,4735,0.9,4,0
O718,Orphanage,30,0.84,343244,3277,4.9,81,1
O719,Orphanage,20,0.69,341236,4132,4.9,85,1
O720,Orphanage,6,0.77,324742,4908,3.6,78,1
N721,NGO,11,0.9,406907,4286,3.1,78,1
N722,NGO,14,0.93,491007,4244,3.1,90,1
O723,Orphanage,17,0.89,62867,2642,4.1,71,1
O724,Orphanage,4,0.68,94753,750,4.5,98,1
N725,NGO,14,0.87,141587,2900,3.9,81,1
N726,NGO,8,0.86,313108,1273,4.6,91,1
N727,NGO,22,0.8,256607,1342,4.4,77,1
N728,NGO,4,0.26,49535,3290,1.0,18,1
N729,NGO,6,0.66,203931,1935,4.1,71,1
O730,Orphanage,5,0.1,19514,1509,1.7,17,0
N731,NGO,2,0.19,43765,531,0.5,9,0
O732,Orphanage,10,0.82,475594,1002,3.1,84,1
N733,NGO,16,0.98,150798,4330,3.0,76,1
N734,NGO,0,0.1,15160,1452,1.9,42,0
O735,Orphanage,3,0.72,147738,4846,3.4,92,1
N736,NGO,15,0.68,311439,1778,3.7,100,1
N737,NGO,21,0.73,254137,4277,3.8,94,1
O738,Orphanage,3,0.3,3404,4105,2.7,50,1
N739,NGO,3,0.25,4080,2313,0.1,11,0
N740,NGO,1,0.3,3395,3169,1.5,8,0
O741,Orphanage,19,0.73,143918,4476,4.5,90,1
O742,Orphanage,10,0.95,461518,2157,4.4,95,1
O743,Orphanage,1,0.76,294109,3151,3.9,71,1
N744,NGO,2,0.87,280262,3992,3.8,88,1
O745,Orphanage,26,0.78,280073,1428,3.7,100,1
N746,NGO,5,0.75,59842,2762,3.0,83,1
N747,NGO,6,0.88,462953,1323,4.0,80,1
O748,Orphanage,11,0.82,211451,4561,3.6,90,1
N749,NGO,18,0.81,131019,4015,4.8,83,1
N750,NGO,2,0.86,386159,4925,4.9,84,1
O751,Orphanage,29,0.84,158017,1862,4.0,91,1
N752,NGO,30,0.85,449500,2993,4.6,94,1
N753,NGO,11,0.72,453576,3422,5.0,91,1
O754,Orphanage,27,0.99,346449,4025,5.0,83,1
N755,NGO,16,0.88,287599,2062,4.8,77,1
O756,Orphanage,3,0.05,22705,2480,1.5,34,0
N757,NGO,6,0.78,317285,514,3.1,99,1
O758,Orphanage,9,0.98,420506,1524,3.4,93,1
O759,Orphanage,2,0.11,5334,2955,0.2,26,0
N760,NGO,1,0.26,18348,3737,1.7,14,0
N761,NGO,27,0.67,489896,4086,4.9,75,1
N762,NGO,19,0.66,281223,3821,4.8,84,1
N763,NGO,2,0.94,432407,1839,4.0,89,1
N764,NGO,1,0.84,405053,633,3.8,74,1
N765,NGO,22,0.96,427164,1626,4.1,84,1
O766,Orphanage,5,0.68,161012,3287,3.1,98,1
O767,Orphanage,1,0.1,15702,4628,2.4,26,0
N768,NGO,21,0.7,343610,1138,3.9,70,1
N769,NGO,4,0.3,15749,2679,2.6,29,0
N770,NGO,0,0.21,33084,3313,0.9,48,1
N771,NGO,0,0.75,289184,4459,5.0,87,1
N772,NGO,4,0.76,418551,2051,4.8,98,1
O773,Orphanage,12,0.85,228950,3034,3.5,73,1
O774,Orphanage,19,0.79,248416,2539,3.7,71,1
N775,NGO,22,0.76,125938,1994,4.4,91,1
O776,Orphanage,3,0.83,463132,752,3.0,85,1
O777,Orphanage,25,0.83,72627,2474,4.5,72,1
N778,NGO,14,0.87,93048,1247,4.6,83,1
N779,NGO,12,0.74,76120,1711,3.6,91,1
O780,Orphanage,0,0.24,33559,3831,1.8,23,1
N781,NGO,4,0.03,31902,3842,2.3,23,0
O782,Orphanage,3,0.27,43702,3205,0.0,47,0
N783,NGO,13,0.87,228388,2434,4.5,82,1
O784,Orphanage,17,0.78,413879,641,3.3,100,1
O785,Orphanage,19,0.67,373782,3737,4.5,92,1
N786,NGO,2,0.91,336809,3181,4.2,84,1
N787,NGO,5,0.13,44766,619,1.6,39,1
N788,NGO,6,0.96,72384,1451,3.8,94,1
O789,Orphanage,22,0.69,170182,1688,4.4,73,1
N790,NGO,25,0.74,171744,3385,4.9,80,1
O791,Orphanage,1,0.9,427273,2056,3.1,89,1
N792,NGO,0,0.04,34866,4349,2.7,28,0
O793,Orphanage,11,0.65,387796,1311,5.0,79,1
N794,NGO,2,0.0,49812,4128,1.7,29,0
O795,Orphanage,30,0.68,159722,2956,3.5,97,1
O796,Orphanage,13,0.77,71785,2347,4.7,94,1
N797,NGO,11,0.68,286497,3585,4.0,89,1
O798,Orphanage,26,0.93,438198,3581,4.3,76,1
O799,Orphanage,4,0.06,34381,4861,0.1,0,0
O800,Orphanage,26,0.67,424211,4985,4.3,84,1
O801,Orphanage,6,0.96,233352,3895,4.6,87,1
N802,NGO,17,0.69,218777,3033,3.5,92,1
O803,Orphanage,11,0.76,142073,1750,3.4,99,1
O804,Orphanage,3,0.16,1822,4780,0.5,45,0
N805,NGO,3,0.18,43693,458,0.4,4,0
O806,Orphanage,6,0.67,261722,2336,4.9,73,1
O807,Orphanage,5,0.23,32900,4012,1.8,40,0
O808,Orphanage,14,0.99,263639,4311,3.8,81,1
N809,NGO,23,0.93,138104,1233,3.1,98,1
O810,Orphanage,23,0.8,250332,4437,3.8,74,1
N811,NGO,5,0.0,8361,979,2.3,48,1
N812,NGO,17,0.77,161361,3762,3.8,100,1
O813,Orphanage,19,0.71,416353,3265,3.2,93,1
O814,Orphanage,14,0.99,213169,2972,4.6,90,1
N815,NGO,23,0.74,405214,2398,4.9,83,1
O816,Orphanage,8,0.73,398517,2914,3.5,88,1
O817,Orphanage,1,0.04,17918,4892,1.3,49,1
O818,Orphanage,0,0.05,44674,3973,1.9,42,0
N819,NGO,15,0.8,397349,4048,3.9,94,1
O820,Orphanage,27,0.83,238465,1671,3.7,79,1
O821,Orphanage,11,0.84,115042,3715,5.0,87,1
N822,NGO,16,0.85,99870,3974,3.1,71,1
O823,Orphanage,2,0.22,3409,586,0.8,0,0
N824,NGO,2,0.1,48212,4551,0.3,22,0
N825,NGO,3,0.2,12384,217,2.7,6,0
N826,NGO,2,0.94,101937,4206,4.5,91,1
N827,NGO,3,0.24,3767,334,2.8,2,0
N828,NGO,0,0.69,487527,3451,4.6,78,1
O829,Orphanage,11,0.94,275597,558,4.3,93,1
O830,Orphanage,3,0.12,8051,1006,1.3,47,0
N831,NGO,20,0.71,486775,3858,3.0,93,1
O832,Orphanage,15,0.72,473325,3214,3.7,87,1
N833,NGO,2,0.9,361857,745,4.6,86,1
N834,NGO,9,0.92,209128,2592,3.6,85,1
N835,NGO,4,0.07,1416,2866,0.7,17,0
O836,Orphanage,18,0.89,86297,4386,3.4,76,1
O837,Orphanage,25,0.9,477656,4992,4.5,93,1
O838,Orphanage,4,0.18,8533,4394,0.8,2,0
O839,Orphanage,18,0.71,486556,2882,4.9,79,1
O840,Orphanage,16,0.92,488246,3156,4.9,95,1
N841,NGO,5,0.0,30553,4435,2.6,47,0
N842,NGO,29,0.73,386808,2666,3.7,94,1
O843,Orphanage,17,0.72,51999,4172,4.1,72,1
O844,Orphanage,29,0.73,360329,1741,3.7,92,1
O845,Orphanage,24,1.0,332292,2678,3.0,94,1
N846,NGO,30,0.98,146996,3552,4.3,82,1
N847,NGO,29,0.71,476575,1911,3.6,94,1
O848,Orphanage,4,0.82,396073,3484,4.6,93,1
O849,Orphanage,27,0.89,432162,3691,4.6,91,1
O850,Orphanage,17,0.86,269857,3956,4.7,73,1
O851,Orphanage,6,0.71,401739,2910,4.6,100,1
O852,Orphanage,19,0.88,128340,1008,3.4,87,1
N853,NGO,9,0.91,485373,2481,3.7,93,1
O854,Orphanage,2,0.06,25117,398,0.7,1,0
O855,Orphanage,4,0.07,15129,1970,1.0,38,0
N856,NGO,3,0.06,13020,2415,3.0,16,0
N857,NGO,0,0.9,432283,1497,3.6,70,1
O858,Orphanage,12,0.95,286872,673,3.1,83,1
N859,NGO,29,0.87,217053,985,3.0,86,1
O860,Orphanage,22,0.98,369334,810,3.4,77,1
N861,NGO,7,0.76,112156,4459,4.6,100,1
N862,NGO,0,0.68,260438,2388,3.1,76,1
O863,Orphanage,23,0.73,458470,2488,3.5,96,1
O864,Orphanage,25,0.73,133503,3678,4.0,83,1
O865,Orphanage,7,0.74,461359,2450,4.2,97,1
N866,NGO,0,0.86,476793,1638,3.4,97,1
O867,Orphanage,11,0.68,433303,4059,3.6,73,1
O868,Orphanage,6,0.87,138262,1741,3.3,100,1
O869,Orphanage,11,0.87,486749,4640,3.6,86,1
O870,Orphanage,0,0.16,27539,2583,1.8,45,0
N871,NGO,27,0.91,226026,2327,3.9,90,1
N872,NGO,0,0.16,4599,892,3.0,15,0
N873,NGO,11,0.94,449458,4305,4.6,72,1
O874,Orphanage,18,0.93,441374,2020,4.7,73,1
O875,Orphanage,29,0.85,270419,4925,3.5,85,1
O876,Orphanage,9,0.98,371660,4309,3.9,96,1
N877,NGO,3,0.08,20670,4077,0.8,14,0
N878,NGO,18,0.99,268146,3313,4.7,93,1
O879,Orphanage,1,0.96,61944,2759,4.6,72,1
O880,Orphanage,18,0.86,372303,2736,3.4,98,1
N881,NGO,0,0.96,232014,1423,3.7,75,1
N882,NGO,0,0.06,20594,4322,0.1,23,0
O883,Orphanage,20,0.94,204152,2886,4.6,75,1
O884,Orphanage,29,0.89,341278,1946,4.5,90,1
O885,Orphanage,22,0.78,486007,3587,4.0,86,1
O886,Orphanage,12,0.74,139357,1697,3.1,94,1
N887,NGO,1,0.27,15944,3787,2.6,38,0
N888,NGO,11,0.71,468995,4058,4.9,91,1
O889,Orphanage,5,0.11,33487,1041,0.9,16,0
N890,NGO,10,0.91,277278,957,4.7,99,1
O891,Orphanage,4,0.3,5157,4800,2.0,36,0
N892,NGO,21,0.66,409598,4990,4.0,89,1
N893,NGO,3,0.86,184312,2485,4.3,74,1
N894,NGO,0,0.82,133283,1637,4.7,78,1
O895,Orphanage,27,0.99,187615,3278,3.1,86,1
O896,Orphanage,13,0.78,417927,3109,3.6,73,1
N897,NGO,5,0.15,26204,4359,2.3,48,0
O898,Orphanage,4,0.99,380656,1945,4.5,74,1
O899,Orphanage,16,0.7,434050,2903,3.5,82,1
O900,Orphanage,26,0.78,318165,2719,3.5,91,1
O901,Orphanage,23,1.0,253558,1602,3.1,90,1
O902,Orphanage,24,0.74,91267,2847,4.6,74,1
N903,NGO,5,0.21,48521,3294,2.0,12,0
O904,Orphanage,22,0.97,170106,2328,4.1,89,1
N905,NGO,0,0.18,21313,2434,0.8,31,0
N906,NGO,1,0.85,476601,4343,3.6,90,1
N907,NGO,0,0.76,328312,4998,3.4,95,1
O908,Orphanage,5,0.05,47102,3518,0.8,50,0
O909,Orphanage,12,0.88,462186,2609,4.7,88,1
N910,NGO,8,0.65,466181,1355,3.4,88,1
O911,Orphanage,4,0.27,15089,3182,0.3,26,0
O912,Orphanage,9,0.96,237285,1445,4.4,100,1
O913,Orphanage,14,0.95,162148,2262,4.3,79,1
N914,NGO,30,0.67,447695,3577,4.4,78,1
N915,NGO,3,0.86,188804,958,3.5,72,1
O916,Orphanage,7,0.78,467817,2374,3.2,98,1
O917,Orphanage,5,0.29,34165,1989,1.8,12,0
N918,NGO,2,0.74,213973,4054,3.5,79,1
O919,Orphanage,0,0.75,346867,3006,3.1,72,1
N920,NGO,23,0.75,430981,999,3.6,94,1
O921,Orphanage,0,0.24,12582,936,2.5,39,0
N922,NGO,5,0.15,42515,2636,2.5,31,0
O923,Orphanage,24,0.96,267621,4565,4.6,71,1
O924,Orphanage,7,0.72,146589,1732,4.0,96,1
N925,NGO,0,0.14,4398,297,0.1,38,0
N926,NGO,1,0.05,36737,1253,0.4,33,0
N927,NGO,3,0.07,29589,4119,0.5,44,0
O928,Orphanage,14,0.83,479122,4859,4.5,100,1
N929,NGO,30,0.93,455851,1610,4.5,77,1
N930,NGO,29,0.85,213008,3700,4.0,77,1
N931,NGO,4,0.02,41069,1858,0.2,6,0
O932,Orphanage,22,0.91,287278,3878,3.9,99,1
O933,Orphanage,18,0.88,361315,3321,5.0,84,1
N934,NGO,1,0.1,38923,2874,0.6,9,0
O935,Orphanage,25,0.77,172055,2380,3.3,96,1
N936,NGO,4,0.83,79436,4428,4.3,98,1
O937,Orphanage,17,0.7,249891,1821,3.0,84,1
N938,NGO,20,0.97,297490,1525,4.1,80,1
O939,Orphanage,27,0.98,322644,2535,4.7,91,1
N940,NGO,23,0.78,283826,1098,3.5,88,1
O941,Orphanage,2,0.05,20347,3245,1.0,8,0
N942,NGO,5,0.1,1189,2772,2.6,11,0
N943,NGO,23,0.92,295663,3760,3.6,93,1
O944,Orphanage,4,0.29,46000,389,0.7,0,0
N945,NGO,9,0.73,80916,2143,3.8,75,1
O946,Orphanage,11,0.86,75878,4870,4.5,72,1
O947,Orphanage,28,0.8,448578,4875,4.1,95,1
N948,NGO,6,0.98,251180,802,4.2,79,1
O949,Orphanage,2,0.29,9313,1534,0.5,28,0
N950,NGO,25,0.87,154327,4033,4.5,89,1
N951,NGO,26,0.69,271369,890,4.3,76,1
O952,Orphanage,2,0.89,333074,2916,3.4,87,1
O953,Orphanage,16,0.95,323134,3092,5.0,96,1
N954,NGO,27,0.91,467894,3176,4.9,83,1
O955,Orphanage,4,0.27,27901,2395,0.2,45,0
N956,NGO,21,0.87,82143,2933,4.6,80,1
O957,Orphanage,2,0.84,165154,4851,4.2,81,1
N958,NGO,14,0.76,186401,729,4.6,87,1
N959,NGO,19,0.68,235743,1147,4.5,82,1
N960,NGO,7,0.65,445759,3945,3.8,85,1
N961,NGO,18,0.8,455840,3790,3.2,72,1
N962,NGO,2,0.24,42851,2090,2.1,5,0
O963,Orphanage,19,0.7,287451,4034,3.1,71,1
O964,Orphanage,5,0.8,460157,2390,4.7,87,1
O965,Orphanage,1,0.95,78726,2902,3.1,82,1
O966,Orphanage,15,0.83,204944,4980,3.6,83,1
N967,NGO,27,0.76,311752,1648,4.1,86,1
O968,Orphanage,16,0.83,53413,2208,4.8,71,1
O969,Orphanage,25,0.76,328747,1555,3.0,92,1
N970,NGO,15,0.9,227384,4774,3.9,75,1
O971,Orphanage,3,0.82,417303,4041,3.3,77,1
N972,NGO,20,0.92,464402,1035,4.8,95,1
O973,Orphanage,1,0.98,222700,4978,3.1,100,1
N974,NGO,2,0.19,808,2529,1.3,22,0
N975,NGO,2,0.17,8022,2606,1.7,18,0
O976,Orphanage,2,0.18,12367,4046,2.8,7,0
N977,NGO,25,0.88,373254,1525,4.9,95,1
N978,NGO,9,0.71,286050,903,3.1,84,1
N979,NGO,4,0.22,23688,3258,0.7,28,1
O980,Orphanage,10,0.76,420620,1844,3.8,89,1
N981,NGO,24,0.87,280565,1979,3.3,71,1
O982,Orphanage,0,0.99,268879,2971,3.4,77,1
O983,Orphanage,24,0.99,103396,1193,3.3,74,1
N984,NGO,3,0.06,20970,2169,0.7,31,0
N985,NGO,5,0.19,12407,864,1.5,9,0
O986,Orphanage,6,0.77,137794,3443,4.6,99,1
N987,NGO,16,1.0,190987,1767,4.6,95,1
O988,Orphanage,0,0.78,339655,4894,4.3,94,1
N989,NGO,27,0.83,449456,2764,4.8,85,1
O990,Orphanage,18,0.66,479407,1180,3.4,98,1
N991,NGO,3,0.99,231593,1114,3.5,91,1
O992,Orphanage,27,0.99,423689,1641,3.9,75,1
N993,NGO,1,0.93,432299,2858,4.5,92,1
O994,Orphanage,3,0.19,1016,3626,0.8,37,0
N995,NGO,0,0.19,45779,2603,0.5,10,0
O996,Orphanage,9,0.97,75986,4602,3.0,89,1
O997,Orphanage,18,0.75,451797,666,4.6,95,1
N998,NGO,4,0.3,4159,1812,2.7,23,1
O999,Orphanage,9,0.91,249581,4566,3.3,77,1
O1000,Orphanage,28,0.67,110497,992,3.1,79,1
N1001,NGO,5,0.22,37384,4955,0.9,48,0
N1002,NGO,26,0.74,323351,4887,4.4,77,1
N1003,NGO,6,0.79,330474,3895,3.3,98,1
O1004,Orphanage,10,0.98,179305,4800,4.8,90,1
O1005,Orphanage,29,0.89,327664,4202,4.8,75,1
N1006,NGO,19,0.8,456633,3357,4.0,73,1
N1007,NGO,16,0.91,246642,2888,4.3,92,1
O1008,Orphanage,5,0.82,489227,4131,3.3,91,1
O1009,Orphanage,11,0.92,422789,4089,3.2,78,1
N1010,NGO,6,0.91,269366,2912,3.9,91,1
O1011,Orphanage,0,0.28,48362,2681,1.0,30,1
O1012,Orphanage,4,0.08,8863,3961,2.4,21,0
N1013,NGO,9,0.85,401722,3057,4.3,94,1
O1014,Orphanage,3,0.06,29153,4261,1.4,35,0
N1015,NGO,3,0.75,407730,3216,5.0,84,1
N1016,NGO,10,0.85,393700,4927,4.8,89,1
N1017,NGO,4,0.24,32697,2658,0.3,15,0
O1018,Orphanage,29,0.85,263429,2397,5.0,98,1
O1019,Orphanage,5,0.08,6906,2560,2.0,39,1
N1020,NGO,29,0.7,456069,3524,4.4,78,1
N1021,NGO,10,0.72,385050,2346,3.4,87,1
O1022,Orphanage,4,0.2,5832,3579,0.6,33,0
N1023,NGO,19,0.75,203769,3238,3.4,95,1
O1024,Orphanage,2,0.06,7151,1021,0.7,29,0
O1025,Orphanage,11,0.67,319472,1625,4.7,94,1
N1026,NGO,0,0.03,21558,733,1.5,11,0
O1027,Orphanage,8,0.81,453619,3498,4.3,76,1
N1028,NGO,5,0.14,43917,4955,2.9,25,0
O1029,Orphanage,13,0.78,135184,2036,4.3,92,1
O1030,Orphanage,13,0.65,452298,2405,3.4,98,1
O1031,Orphanage,4,0.05,35585,1157,1.0,34,0
O1032,Orphanage,15,0.86,370351,4911,3.6,94,1
N1033,NGO,7,0.9,212583,3009,3.4,78,1
N1034,NGO,12,0.87,129223,4364,4.9,80,1
O1035,Orphanage,30,0.67,437649,603,4.7,97,1
N1036,NGO,11,0.73,233748,768,3.6,91,1
N1037,NGO,13,0.98,309388,4661,3.6,84,1
N1038,NGO,0,0.89,401337,602,4.8,74,1
O1039,Orphanage,23,0.73,240506,3036,4.8,76,1
O1040,Orphanage,6,0.99,308061,3945,4.8,71,1
N1041,NGO,22,0.81,384880,3681,4.2,81,1
O1042,Orphanage,0,0.2,2503,1089,2.7,50,1
N1043,NGO,1,0.79,60609,2225,3.2,99,1
O1044,Orphanage,26,0.98,180486,3327,3.3,79,1
O1045,Orphanage,0,0.88,217725,1428,3.4,70,1
O1046,Orphanage,6,0.83,318407,1224,3.4,93,1
N1047,NGO,5,0.19,16114,2204,2.2,9,1
O1048,Orphanage,28,0.86,308894,2086,3.2,97,1
N1049,NGO,4,0.29,13209,2789,1.7,16,0
O1050,Orphanage,27,0.92,134558,4942,4.2,89,1
O1051,Orphanage,7,0.86,314873,1521,3.1,98,1
O1052,Orphanage,1,0.13,29856,4843,1.2,1,0
O1053,Orphanage,14,0.71,128998,4510,4.4,96,1
N1054,NGO,17,0.73,460861,1334,3.5,74,1
N1055,NGO,2,0.24,24470,3735,1.8,37,0
O1056,Orphanage,29,0.91,361158,3970,4.7,100,1
O1057,Orphanage,28,0.79,103183,2744,4.6,77,1
N1058,NGO,24,0.92,365099,3827,3.8,70,1
O1059,Orphanage,25,0.8,271775,1711,4.9,92,1
O1060,Orphanage,28,0.8,151652,1381,3.3,72,1
N1061,NGO,4,0.79,470934,3132,3.8,98,1
N1062,NGO,2,0.22,42362,2997,2.1,10,1
N1063,NGO,3,0.82,235446,3184,3.5,91,1
N1064,NGO,3,0.15,33444,4847,0.7,36,0
O1065,Orphanage,19,0.86,50675,4485,3.0,86,1
N1066,NGO,28,0.77,360491,1240,4.5,94,1
N1067,NGO,14,0.79,247005,2451,3.2,84,1
O1068,Orphanage,25,0.85,374357,4791,4.7,84,1
N1069,NGO,4,0.21,31837,2084,1.2,26,1
O1070,Orphanage,0,0.29,33385,1023,2.3,39,1
O1071,Orphanage,2,0.71,102662,4866,4.7,100,1
N1072,NGO,23,0.94,188976,2762,4.4,95,1
O1073,Orphanage,20,0.93,174029,2154,3.2,70,1
O1074,Orphanage,4,0.03,49496,4771,0.5,26,0
O1075,Orphanage,3,0.07,38161,1960,1.3,30,0
O1076,Orphanage,18,0.86,234152,2959,4.2,85,1
O1077,Orphanage,17,0.83,453319,3979,4.1,81,1
N1078,NGO,3,0.17,38298,3973,2.8,43,1
N1079,NGO,3,0.89,268615,629,4.4,100,1
O1080,Orphanage,2,0.1,44301,843,1.1,39,0
O1081,Orphanage,0,0.07,25567,3562,1.8,20,0
N1082,NGO,4,0.28,2769,437,2.2,19,0
O1083,Orphanage,1,0.91,118241,1573,4.4,100,1
O1084,Orphanage,0,0.73,434920,2846,4.3,77,1
O1085,Orphanage,11,0.77,352222,2709,3.6,84,1
N1086,NGO,15,0.97,363021,3740,3.0,85,1
O1087,Orphanage,2,0.16,40956,2785,0.1,9,0
O1088,Orphanage,11,0.75,218618,946,4.4,99,1
O1089,Orphanage,1,0.29,12905,2436,2.0,2,0
N1090,NGO,10,0.76,51479,3043,4.1,87,1
N1091,NGO,7,0.98,120418,1006,3.2,89,1
N1092,NGO,4,0.25,36836,2541,2.4,45,1
N1093,NGO,2,0.76,208165,881,4.7,86,1
O1094,Orphanage,9,0.67,107201,863,4.6,100,1
N1095,NGO,22,0.83,213283,4280,3.0,97,1
O1096,Orphanage,2,0.22,15577,1574,1.6,23,0
N1097,NGO,5,0.16,26593,3940,2.0,35,0
O1098,Orphanage,3,0.9,418485,1508,4.3,93,1
N1099,NGO,3,0.88,427354,3706,3.8,78,1
N1100,NGO,21,0.99,200630,4447,3.8,78,1
O1101,Orphanage,25,0.67,171172,923,3.1,97,1
O1102,Orphanage,3,0.7,357141,3600,4.9,72,1
O1103,Orphanage,4,0.16,37230,1771,2.5,25,0
N1104,NGO,5,0.02,8553,518,0.5,23,0
N1105,NGO,25,0.96,498226,3654,3.5,78,1
O1106,Orphanage,4,0.21,7395,4971,0.9,39,0
N1107,NGO,5,0.81,425875,2302,4.9,82,1
O1108,Orphanage,17,0.91,185513,3546,3.5,85,1
O1109,Orphanage,30,0.88,419795,719,3.5,88,1
N1110,NGO,5,0.99,441569,2016,4.0,79,1
N1111,NGO,28,0.86,393902,4841,4.9,89,1
N1112,NGO,3,0.94,124744,4760,4.9,88,1
N1113,NGO,2,0.76,331925,1258,4.9,79,1
O1114,Orphanage,1,0.16,3230,4915,1.2,41,0
O1115,Orphanage,1,0.97,142392,572,4.3,84,1
O1116,Orphanage,3,0.88,86344,1627,4.2,81,1
O1117,Orphanage,21,0.67,265948,4409,3.7,89,1
N1118,NGO,11,0.71,408804,4812,4.0,70,1
O1119,Orphanage,9,0.67,186007,4146,4.9,70,1
N1120,NGO,11,0.85,486552,1792,4.9,85,1
N1121,NGO,9,0.7,190141,2467,3.8,80,1
O1122,Orphanage,3,0.14,9885,2562,2.8,10,0
O1123,Orphanage,30,0.98,312478,632,4.7,87,1
N1124,NGO,5,0.24,6394,4539,2.5,23,0
O1125,Orphanage,5,0.88,225167,2084,4.3,71,1
N1126,NGO,15,0.9,367452,3333,4.5,99,1
N1127,NGO,22,0.82,497221,1671,4.2,90,1
O1128,Orphanage,0,0.95,477996,4826,3.3,71,1
O1129,Orphanage,0,0.69,58371,4798,4.0,94,1
N1130,NGO,0,0.69,235832,4561,5.0,95,1
N1131,NGO,27,0.67,119630,1219,3.0,72,1
O1132,Orphanage,3,0.83,371151,3202,4.2,76,1
O1133,Orphanage,22,0.81,325933,4993,3.8,88,1
N1134,NGO,12,0.71,70904,1020,4.0,88,1
O1135,Orphanage,12,0.67,235650,2963,3.8,93,1
N1136,NGO,0,0.13,40928,1775,1.1,16,0
N1137,NGO,4,0.76,162550,3041,4.5,80,1
N1138,NGO,23,0.82,264822,1185,4.0,76,1
N1139,NGO,1,0.23,43799,3258,1.9,32,1
N1140,NGO,4,0.16,18209,706,2.3,21,0
O1141,Orphanage,7,0.96,122320,2073,4.4,92,1
N1142,NGO,11,0.84,172945,949,4.8,81,1
O1143,Orphanage,21,0.87,170078,3733,4.2,84,1
N1144,NGO,0,0.12,48016,2326,1.1,46,0
O1145,Orphanage,16,0.87,422970,2938,3.1,93,1
O1146,Orphanage,16,0.86,84563,509,4.3,95,1
O1147,Orphanage,22,0.98,462368,1464,4.0,88,1
N1148,NGO,17,0.78,452029,4884,5.0,85,1
O1149,Orphanage,3,0.17,788,2609,3.0,22,0
N1150,NGO,5,0.13,30001,1113,3.0,2,0
N1151,NGO,9,0.95,483446,617,3.1,90,1
N1152,NGO,18,0.87,497149,3615,4.2,85,1
O1153,Orphanage,5,0.21,7658,1319,1.3,39,0
N1154,NGO,3,0.23,35204,2042,0.8,31,0
N1155,NGO,4,0.22,47990,3519,0.8,35,0
O1156,Orphanage,9,0.99,127187,1599,4.8,85,1
N1157,NGO,0,0.76,203662,1891,3.5,92,1
O1158,Orphanage,4,0.03,1958,4958,0.8,49,0
N1159,NGO,1,0.06,33090,910,1.0,32,0
O1160,Orphanage,3,0.3,43077,2218,3.0,21,1
O1161,Orphanage,17,0.67,290316,4547,3.0,82,1
N1162,NGO,3,0.02,19103,4380,1.2,24,0
O1163,Orphanage,2,0.07,14566,3932,2.6,17,0
O1164,Orphanage,1,0.89,55788,4970,4.6,74,1
O1165,Orphanage,2,0.15,40428,1037,1.4,31,0
O1166,Orphanage,0,0.78,368588,3729,3.8,96,1
O1167,Orphanage,14,0.88,348849,772,3.8,88,1
N1168,NGO,10,0.91,427217,2416,3.3,82,1
N1169,NGO,17,0.85,94306,1731,3.0,76,1
O1170,Orphanage,13,0.68,106278,3997,4.3,74,1
O1171,Orphanage,26,0.8,67167,3602,3.9,71,1
O1172,Orphanage,7,0.76,412475,2312,3.8,97,1
N1173,NGO,3,0.25,21543,4491,1.6,23,1
N1174,NGO,20,0.77,490629,2121,4.8,73,1
N1175,NGO,8,0.94,449442,3565,3.9,85,1
O1176,Orphanage,15,0.75,291551,2505,4.3,97,1
N1177,NGO,30,0.69,459748,4213,4.2,88,1
O1178,Orphanage,1,0.9,441484,3455,3.7,80,1
N1179,NGO,29,0.97,229707,1409,4.0,96,1
N1180,NGO,16,0.93,472839,2769,4.5,77,1
N1181,NGO,7,0.94,151979,1318,4.3,94,1
O1182,Orphanage,3,0.68,279196,1546,4.2,81,1
O1183,Orphanage,27,0.89,256386,3995,3.1,97,1
N1184,NGO,14,0.91,270943,637,3.5,82,1
N1185,NGO,8,0.87,90015,2753,4.6,82,1
O1186,Orphanage,4,0.02,44436,4514,0.7,39,0
O1187,Orphanage,5,0.07,5683,4686,1.5,49,0
N1188,NGO,25,0.88,365181,1517,3.3,73,1
O1189,Orphanage,1,0.79,334101,4498,3.2,72,1
O1190,Orphanage,3,0.01,22429,888,1.5,21,0
O1191,Orphanage,13,0.83,298382,608,4.0,90,1
N1192,NGO,6,0.82,402733,4018,4.5,89,1
N1193,NGO,30,0.7,221083,3353,3.2,78,1
N1194,NGO,23,0.68,51771,2684,3.0,87,1
O1195,Orphanage,12,0.76,52947,3547,3.5,87,1
N1196,NGO,27,0.95,335296,2466,4.8,100,1
O1197,Orphanage,0,0.15,414,3113,1.0,30,0
O1198,Orphanage,20,0.7,204359,3244,3.2,90,1
N1199,NGO,5,0.83,462501,3985,3.9,86,1
N1200,NGO,22,0.95,360842,1689,3.2,79,1
O1201,Orphanage,4,0.19,9008,2868,2.8,34,0
O1202,Orphanage,7,0.77,305049,627,3.2,79,1
N1203,NGO,0,0.01,41850,2684,1.6,33,0
O1204,Orphanage,4,0.97,326400,805,3.3,76,1
N1205,NGO,29,0.98,67391,3531,4.4,98,1
N1206,NGO,14,0.93,155499,2197,4.3,89,1
N1207,NGO,29,0.8,136952,513,3.8,95,1
N1208,NGO,3,0.93,199924,4679,4.1,83,1
O1209,Orphanage,5,0.73,178742,1129,4.7,97,1
N1210,NGO,2,0.19,34305,2481,2.2,5,0
O1211,Orphanage,19,0.97,409517,3783,4.9,82,1
N1212,NGO,0,0.77,114596,2222,4.7,70,1
N1213,NGO,3,0.84,266388,4669,4.0,83,1
N1214,NGO,5,0.94,53103,673,3.1,76,1
N1215,NGO,3,0.11,12330,4618,0.6,15,0
O1216,Orphanage,14,0.85,457924,4877,4.1,75,1
O1217,Orphanage,21,0.97,494580,3891,4.9,80,1
N1218,NGO,6,0.88,161363,3091,4.8,79,1
N1219,NGO,26,0.78,164410,2594,4.9,80,1
N1220,NGO,3,0.16,46486,540,3.0,43,0
O1221,Orphanage,29,0.7,315297,1732,3.4,86,1
N1222,NGO,7,0.79,488212,2793,3.1,90,1
O1223,Orphanage,21,0.88,467294,2597,3.2,91,1
O1224,Orphanage,26,0.96,297477,538,4.6,71,1
O1225,Orphanage,15,0.76,68824,573,4.4,95,1
O1226,Orphanage,11,0.93,346656,585,3.8,100,1
N1227,NGO,8,0.66,88028,1620,4.7,87,1
N1228,NGO,5,0.23,19141,415,0.1,28,0
N1229,NGO,20,0.81,470031,1696,4.2,76,1
N1230,NGO,3,0.26,4455,3597,2.4,36,0
N1231,NGO,15,0.76,253622,4266,4.4,78,1
O1232,Orphanage,2,0.67,189401,1071,3.4,77,1
O1233,Orphanage,4,0.22,20794,657,2.5,43,0
N1234,NGO,2,0.3,49231,4485,0.8,17,0
N1235,NGO,14,0.91,85444,3939,3.8,88,1
O1236,Orphanage,4,0.02,39320,4567,0.0,37,0
N1237,NGO,25,0.89,305378,2511,4.4,89,1
O1238,Orphanage,3,0.1,19138,1960,0.2,3,0
O1239,Orphanage,1,0.77,181819,849,3.4,73,1
O1240,Orphanage,1,0.06,6473,1429,1.8,11,0
O1241,Orphanage,1,0.17,33299,2210,3.0,23,0
O1242,Orphanage,1,0.06,22559,739,2.3,9,0
N1243,NGO,10,0.84,478149,4358,3.7,75,1
N1244,NGO,22,0.67,74367,2378,4.3,88,1
O1245,Orphanage,18,0.96,348185,4304,4.0,86,1
O1246,Orphanage,1,0.96,86911,4037,3.9,86,1
N1247,NGO,6,0.73,473701,1113,3.7,81,1
O1248,Orphanage,5,0.87,212246,2163,3.9,88,1
O1249,Orphanage,12,0.91,245278,2637,3.5,79,1
N1250,NGO,23,0.96,301341,903,4.4,82,1
N1251,NGO,3,0.07,37029,4132,0.6,14,0
N1252,NGO,2,0.1,49759,1368,2.6,6,0
N1253,NGO,22,0.96,447279,840,3.5,96,1
O1254,Orphanage,5,0.2,17112,2264,2.9,18,1
N1255,NGO,25,0.65,277427,4762,4.0,78,1
O1256,Orphanage,17,0.72,254741,1046,4.3,97,1
O1257,Orphanage,0,0.77,185463,1747,3.2,82,1
N1258,NGO,0,0.15,38961,4424,3.0,18,0
N1259,NGO,19,0.83,211665,2412,3.6,72,1
O1260,Orphanage,5,0.67,127128,1678,4.4,84,1
O1261,Orphanage,4,0.81,114663,4331,3.6,85,1
N1262,NGO,18,0.65,311824,584,3.4,92,1
O1263,Orphanage,10,0.95,98949,4970,4.8,73,1
O1264,Orphanage,3,0.28,48927,4178,0.4,30,0
O1265,Orphanage,13,0.98,63048,4419,3.3,97,1
O1266,Orphanage,7,0.86,62950,4585,4.3,96,1
O1267,Orphanage,6,0.71,164692,2346,3.9,72,1
N1268,NGO,24,0.95,71052,3295,3.1,95,1
O1269,Orphanage,20,0.88,442028,3164,4.8,94,1
O1270,Orphanage,26,0.89,366664,4325,3.7,81,1
O1271,Orphanage,28,0.88,185799,2789,4.3,99,1
O1272,Orphanage,21,0.84,177244,4149,3.2,79,1
O1273,Orphanage,26,0.87,495908,1411,4.5,83,1
N1274,NGO,19,0.72,76943,807,4.9,82,1
N1275,NGO,25,0.98,350154,3788,4.5,84,1
O1276,Orphanage,14,0.74,472350,1150,3.9,95,1
N1277,NGO,14,0.99,324040,1597,4.2,80,1
N1278,NGO,24,0.98,376579,4571,4.2,83,1
N1279,NGO,24,0.75,402726,2396,4.4,85,1
O1280,Orphanage,25,0.88,473111,766,3.4,93,1
O1281,Orphanage,2,0.86,442140,4247,3.3,91,1
N1282,NGO,4,0.77,387321,2103,3.3,100,1
N1283,NGO,7,0.77,448374,578,4.1,91,1
N1284,NGO,17,0.81,331588,2927,4.9,92,1
N1285,NGO,5,0.15,46838,3243,0.2,32,0
O1286,Orphanage,0,0.3,11355,1414,2.2,31,1
N1287,NGO,20,0.88,475207,1529,4.1,99,1
N1288,NGO,7,0.94,495356,653,4.9,95,1
O1289,Orphanage,2,0.1,46602,2064,0.2,9,0
O1290,Orphanage,30,0.9,324737,1159,3.6,77,1
O1291,Orphanage,21,0.91,300422,4312,3.3,74,1
O1292,Orphanage,5,0.14,40131,3623,0.9,1,0
O1293,Orphanage,2,0.97,373321,1905,3.2,84,1
N1294,NGO,1,0.24,4454,3860,1.9,11,0
N1295,NGO,9,0.88,394774,3875,5.0,99,1
O1296,Orphanage,11,0.99,421800,2148,3.4,97,1
N1297,NGO,29,0.95,74802,2927,4.7,98,1
N1298,NGO,2,0.27,28476,1320,1.6,30,0
N1299,NGO,0,0.18,10841,967,1.0,50,0
O1300,Orphanage,5,0.17,30891,1499,0.8,3,0
N1301,NGO,5,0.15,24436,4939,0.3,47,0
O1302,Orphanage,3,0.98,255925,2643,3.8,88,1
O1303,Orphanage,1,0.8,335020,1001,4.5,90,1
N1304,NGO,15,0.83,407588,2954,4.3,80,1
O1305,Orphanage,1,0.82,442076,1424,4.5,90,1
N1306,NGO,25,0.66,270049,4471,4.6,92,1
O1307,Orphanage,10,0.89,61997,1023,4.2,82,1
O1308,Orphanage,13,0.88,489704,3251,4.2,92,1
O1309,Orphanage,2,0.23,9932,4088,0.2,26,0
O1310,Orphanage,4,0.09,29096,2928,1.5,10,0
N1311,NGO,20,0.88,356637,3928,3.0,95,1
N1312,NGO,30,0.74,439042,4389,4.0,89,1
O1313,Orphanage,18,0.75,294102,1941,4.2,93,1
O1314,Orphanage,17,0.68,367386,1741,4.2,98,1
N1315,NGO,5,0.29,2909,4330,0.2,32,0
O1316,Orphanage,4,0.25,41397,1393,2.7,30,0
O1317,Orphanage,0,0.76,166358,903,4.5,78,1
N1318,NGO,26,0.84,172797,4850,3.1,75,1
N1319,NGO,15,0.66,258325,4821,4.5,74,1
N1320,NGO,1,0.27,48525,2740,1.8,39,0
O1321,Orphanage,28,0.68,303037,2432,4.5,94,1
O1322,Orphanage,9,0.92,72527,4835,3.0,84,1
O1323,Orphanage,6,0.77,265848,2475,3.7,78,1
N1324,NGO,0,0.07,35180,4620,1.5,30,0
O1325,Orphanage,3,0.26,13846,195,2.6,28,1
N1326,NGO,2,0.27,48139,3447,0.3,18,0
N1327,NGO,18,0.72,415482,4690,4.7,84,1
N1328,NGO,23,0.71,349692,4304,3.1,99,1
O1329,Orphanage,8,0.76,318717,1821,3.9,77,1
O1330,Orphanage,4,0.28,12794,4976,2.7,24,1
O1331,Orphanage,21,0.93,475705,4615,3.5,96,1
O1332,Orphanage,21,0.84,322605,2100,3.6,74,1
O1333,Orphanage,0,0.84,164052,2751,3.4,100,1
N1334,NGO,17,0.72,254870,3896,3.8,89,1
N1335,NGO,28,0.72,254864,1911,3.4,73,1
O1336,Orphanage,5,0.01,7405,4402,0.9,30,0
O1337,Orphanage,14,0.67,413891,3095,3.4,75,1
O1338,Orphanage,6,0.66,294038,880,4.0,96,1
O1339,Orphanage,3,0.95,469309,1254,4.0,71,1
O1340,Orphanage,1,0.29,6531,1892,1.5,30,0
N1341,NGO,23,0.89,285016,1835,3.1,88,1
O1342,Orphanage,3,0.06,44990,556,1.8,15,0
N1343,NGO,30,0.69,228285,1769,4.3,95,1
N1344,NGO,4,0.16,46249,2170,2.6,38,1
O1345,Orphanage,8,0.88,499235,3869,4.4,73,1
O1346,Orphanage,2,0.28,25281,1762,2.0,45,1
O1347,Orphanage,10,0.83,298449,3763,3.3,84,1
O1348,Orphanage,14,0.68,159522,1282,4.8,80,1
N1349,NGO,22,0.89,109886,2318,5.0,83,1
N1350,NGO,4,0.08,29869,2005,1.3,20,0
N1351,NGO,1,0.07,33272,1103,1.8,25,0
N1352,NGO,1,0.02,1803,1165,2.5,39,0
N1353,NGO,7,0.82,88119,3102,3.5,84,1
O1354,Orphanage,20,0.81,342680,1710,3.4,93,1
O1355,Orphanage,11,0.91,468823,2368,4.0,100,1
N1356,NGO,8,0.77,473616,4717,4.3,70,1
O1357,Orphanage,1,0.8,305884,1790,5.0,70,1
N1358,NGO,11,0.8,221767,1970,4.1,79,1
O1359,Orphanage,4,0.14,14841,428,1.6,25,0
N1360,NGO,4,0.69,375909,750,3.6,88,1
N1361,NGO,6,0.99,398778,3939,4.7,98,1
N1362,NGO,5,0.16,6379,2401,2.1,42,1
O1363,Orphanage,9,0.71,446936,1681,4.3,100,1
O1364,Orphanage,5,0.78,362814,1996,4.4,79,1
N1365,NGO,24,0.84,220791,927,3.3,96,1
N1366,NGO,9,0.88,374350,2899,3.6,90,1
N1367,NGO,22,0.79,53202,2752,4.4,99,1
O1368,Orphanage,13,0.75,224914,4750,4.7,78,1
N1369,NGO,12,1.0,200008,2720,3.3,92,1
N1370,NGO,5,0.13,11652,1290,1.7,19,0
N1371,NGO,12,0.74,474112,4029,4.0,93,1
O1372,Orphanage,17,1.0,204251,3319,3.6,92,1
O1373,Orphanage,4,0.99,75786,1364,4.8,83,1
O1374,Orphanage,12,0.86,368721,4358,4.4,95,1
N1375,NGO,19,0.66,245537,3718,4.8,71,1
N1376,NGO,25,0.69,459011,3844,3.2,82,1
N1377,NGO,1,0.26,17430,4851,1.2,19,0
O1378,Orphanage,0,0.3,925,4296,2.6,41,0
N1379,NGO,4,0.19,14043,784,0.7,5,0
N1380,NGO,16,0.75,354240,2272,3.5,87,1
O1381,Orphanage,20,0.93,432430,2197,4.2,70,1
O1382,Orphanage,23,0.97,113330,1928,4.5,91,1
N1383,NGO,12,0.82,184115,1314,5.0,70,1
O1384,Orphanage,3,0.89,76064,3229,4.8,93,1
N1385,NGO,29,0.89,56673,4482,4.0,71,1
O1386,Orphanage,1,0.69,147058,1096,3.1,76,1
O1387,Orphanage,5,0.83,64945,4533,4.1,72,1
O1388,Orphanage,23,0.83,444085,1419,3.2,90,1
O1389,Orphanage,19,0.75,248082,3243,3.9,73,1
N1390,NGO,9,0.73,229307,4526,3.7,93,1
N1391,NGO,15,0.71,421952,1287,3.5,74,1
O1392,Orphanage,1,0.76,414301,3516,3.9,93,1
N1393,NGO,21,0.91,129943,3232,4.6,78,1
O1394,Orphanage,4,0.95,101539,2164,3.1,96,1
O1395,Orphanage,7,0.68,182594,4647,4.3,77,1
O1396,Orphanage,1,0.86,368522,2110,3.7,87,1
O1397,Orphanage,24,0.95,236196,4781,4.7,74,1
O1398,Orphanage,22,0.83,184447,576,4.7,95,1
O1399,Orphanage,13,0.92,82027,3212,3.7,75,1
O1400,Orphanage,15,0.78,444315,1783,4.3,77,1
O1401,Orphanage,3,0.17,28225,3438,0.6,3,0
O1402,Orphanage,3,0.23,44863,1447,2.0,38,0
N1403,NGO,2,0.08,27308,1719,1.2,38,0
N1404,NGO,3,0.19,38320,4355,1.3,48,1
N1405,NGO,14,0.83,343584,3860,3.4,90,1
N1406,NGO,20,0.97,440262,688,4.1,95,1
O1407,Orphanage,22,0.83,55184,966,4.7,82,1
N1408,NGO,4,0.01,27186,1577,1.1,7,0
O1409,Orphanage,2,0.15,47313,4297,2.7,26,0
N1410,NGO,0,0.79,350800,3121,3.2,93,1
O1411,Orphanage,13,0.77,342640,4230,4.4,77,1
O1412,Orphanage,14,0.75,89377,2821,4.5,88,1
O1413,Orphanage,0,0.95,445568,3124,3.0,81,1
O1414,Orphanage,28,0.69,474802,1925,3.9,90,1
O1415,Orphanage,10,0.75,250352,846,4.1,90,1
N1416,NGO,23,0.75,77804,2713,4.4,73,1
N1417,NGO,10,0.8,148462,4117,4.9,80,1
N1418,NGO,25,0.9,449166,4584,4.9,100,1
O1419,Orphanage,0,0.21,24837,2409,1.8,2,0
N1420,NGO,15,0.73,131201,842,3.9,74,1
N1421,NGO,5,0.72,279003,2186,4.9,86,1
O1422,Orphanage,22,0.92,490995,794,4.9,83,1
O1423,Orphanage,20,0.98,464451,4624,3.6,95,1
O1424,Orphanage,5,0.99,276038,2273,4.0,75,1
O1425,Orphanage,30,0.7,235275,906,3.5,99,1
N1426,NGO,17,0.67,301776,4231,5.0,88,1
N1427,NGO,29,0.87,72127,571,4.5,78,1
O1428,Orphanage,15,0.8,201858,3808,3.8,76,1
N1429,NGO,12,0.75,291448,4712,4.4,97,1
N1430,NGO,28,0.75,176453,3044,3.5,84,1
O1431,Orphanage,4,0.9,326796,3191,4.9,99,1
O1432,Orphanage,26,0.76,77034,2562,4.3,71,1
N1433,NGO,5,0.92,139895,4543,3.0,82,1
N1434,NGO,7,0.84,324617,2445,4.1,92,1
O1435,Orphanage,20,0.76,253828,1667,3.6,99,1
N1436,NGO,20,0.68,138670,3797,3.4,70,1
O1437,Orphanage,26,0.78,387053,2687,4.0,72,1
O1438,Orphanage,2,0.05,27637,4948,1.5,49,1
O1439,Orphanage,15,0.75,76047,4602,3.9,74,1
O1440,Orphanage,27,0.8,269520,1529,3.7,80,1
N1441,NGO,17,0.69,244395,3888,4.8,85,1
O1442,Orphanage,30,0.79,461704,3017,4.4,93,1
O1443,Orphanage,7,0.69,60809,507,4.7,83,1
N1444,NGO,3,0.03,24190,819,0.5,7,0
N1445,NGO,29,0.84,438935,1459,4.2,80,1
O1446,Orphanage,5,0.99,438252,3021,3.8,70,1
O1447,Orphanage,15,0.85,67708,2111,4.1,93,1
N1448,NGO,27,0.81,363426,4120,3.7,76,1
O1449,Orphanage,5,0.08,27995,3611,1.5,6,0
N1450,NGO,1,0.08,45911,4247,1.3,27,0
N1451,NGO,26,0.85,130789,4741,4.4,71,1
N1452,NGO,3,0.23,33129,1033,2.8,33,1
O1453,Orphanage,18,0.88,88820,3718,4.8,84,1
N1454,NGO,14,0.87,380412,3674,4.0,85,1
N1455,NGO,1,0.24,24094,939,2.1,39,1
O1456,Orphanage,11,0.88,211073,1106,3.7,82,1
O1457,Orphanage,2,0.15,4789,4943,2.3,47,1
N1458,NGO,22,0.68,452384,3301,3.7,88,1
O1459,Orphanage,21,0.79,80452,2730,3.3,76,1
N1460,NGO,11,0.88,470514,2865,3.1,76,1
N1461,NGO,19,0.82,485988,623,4.4,71,1
O1462,Orphanage,16,0.69,67622,3939,4.5,74,1
N1463,NGO,5,0.05,36498,1290,2.8,9,0
O1464,Orphanage,1,0.86,75546,684,3.6,76,1
O1465,Orphanage,5,0.15,30865,3103,0.5,6,0
N1466,NGO,4,0.08,23418,3328,0.6,4,0
N1467,NGO,7,0.79,250932,2279,4.0,70,1
N1468,NGO,4,0.25,16163,4143,0.5,41,1
N1469,NGO,19,0.93,187149,3634,3.0,98,1
O1470,Orphanage,3,0.06,47504,4516,2.3,20,1
N1471,NGO,17,0.7,484638,685,3.6,82,1
O1472,Orphanage,4,0.74,373172,819,3.3,76,1
O1473,Orphanage,4,0.03,47057,811,1.0,6,0
N1474,NGO,2,0.29,45661,3213,1.4,12,0
N1475,NGO,29,0.88,234259,4453,3.9,81,1
N1476,NGO,3,0.93,84841,2357,4.0,74,1
N1477,NGO,0,0.71,168432,3725,3.3,70,1
N1478,NGO,0,0.86,216789,3969,3.8,72,1
O1479,Orphanage,6,0.83,182634,2293,3.3,86,1
O1480,Orphanage,4,0.2,15888,1203,2.7,33,1
N1481,NGO,17,0.67,98543,1738,4.3,83,1
O1482,Orphanage,2,0.29,35873,2940,1.4,15,0
N1483,NGO,16,0.7,409171,4519,3.4,99,1
O1484,Orphanage,27,0.96,354913,2913,4.2,89,1
O1485,Orphanage,4,0.79,69839,1280,5.0,81,1
N1486,NGO,1,0.07,16960,798,2.3,19,1
O1487,Orphanage,5,0.7,334108,4606,3.9,80,1
O1488,Orphanage,21,0.8,266608,4678,4.2,94,1
O1489,Orphanage,21,0.96,142567,3464,3.4,73,1
O1490,Orphanage,2,0.1,36263,1849,1.5,49,0
N1491,NGO,8,0.7,423403,524,3.8,90,1
O1492,Orphanage,14,0.84,385413,4372,3.2,88,1
N1493,NGO,4,0.75,446447,4751,3.6,95,1
N1494,NGO,22,0.95,491052,3644,4.2,71,1
O1495,Orphanage,13,0.84,390843,3915,4.0,98,1
N1496,NGO,5,0.88,205356,3661,3.3,76,1
N1497,NGO,28,0.74,350192,4256,3.7,87,1
O1498,Orphanage,4,0.1,47789,280,2.3,45,0
O1499,Orphanage,24,0.71,456847,735,3.5,92,1
O1500,Orphanage,2,0.19,1274,3934,0.3,5,0
N1501,NGO,1,0.02,6994,371,2.3,1,0
N1502,NGO,29,0.69,121275,1425,4.3,95,1
N1503,NGO,19,0.79,217653,1283,3.6,71,1
O1504,Orphanage,20,0.95,152453,3355,3.6,82,1
O1505,Orphanage,23,0.76,179237,995,4.1,74,1
O1506,Orphanage,14,0.79,232501,4926,3.7,88,1
O1507,Orphanage,29,0.76,287399,1425,3.4,87,1
N1508,NGO,8,0.94,464110,555,3.8,82,1
N1509,NGO,1,0.18,28013,778,2.5,49,0
N1510,NGO,13,0.89,103527,2680,3.5,93,1
N1511,NGO,12,0.94,230684,1188,4.6,72,1
N1512,NGO,0,0.93,61816,3181,3.7,100,1
O1513,Orphanage,3,0.88,488348,1100,4.6,87,1
N1514,NGO,14,0.81,264345,1507,4.4,94,1
O1515,Orphanage,14,0.74,419742,2584,4.8,87,1
O1516,Orphanage,20,0.67,255011,2325,4.1,95,1
O1517,Orphanage,1,0.96,377093,4119,3.7,79,1
O1518,Orphanage,25,0.9,255886,4556,3.7,87,1
O1519,Orphanage,6,0.77,204747,3279,4.3,71,1
O1520,Orphanage,4,0.01,44147,4620,1.8,32,0
O1521,Orphanage,22,0.96,467720,4629,3.9,79,1
N1522,NGO,17,0.82,409778,2511,3.0,97,1
O1523,Orphanage,1,0.19,11904,309,1.5,39,0
N1524,NGO,21,0.84,397964,1021,4.1,76,1
N1525,NGO,0,0.86,449783,3398,4.3,82,1
N1526,NGO,5,0.22,22699,3302,1.8,17,0
O1527,Orphanage,0,0.18,12863,1437,0.4,5,0
N1528,NGO,7,0.85,107656,2707,3.6,93,1
O1529,Orphanage,0,0.81,119859,3153,3.6,95,1
N1530,NGO,2,0.11,49447,4325,2.0,27,0
O1531,Orphanage,3,0.68,357545,2287,4.5,97,1
N1532,NGO,0,0.05,17498,2435,2.3,25,1
O1533,Orphanage,4,0.03,47304,2947,0.0,7,0
O1534,Orphanage,1,0.71,162495,923,3.3,97,1
O1535,Orphanage,2,0.03,2245,1390,1.2,4,0
N1536,NGO,22,0.75,282507,3490,3.3,93,1
O1537,Orphanage,5,0.2,631,4157,2.2,5,1
O1538,Orphanage,7,0.83,434765,2221,3.0,72,1
N1539,NGO,1,0.67,172679,3974,4.7,98,1
O1540,Orphanage,15,0.8,193205,2772,4.6,81,1
N1541,NGO,0,0.26,19844,1076,0.4,26,0
O1542,Orphanage,23,1.0,430508,4111,3.6,70,1
N1543,NGO,23,0.66,364364,1224,4.9,92,1
O1544,Orphanage,4,0.77,463446,966,4.2,76,1
O1545,Orphanage,2,0.69,206276,4730,4.4,81,1
N1546,NGO,3,0.24,37138,288,0.3,16,0
N1547,NGO,14,0.74,135392,2664,4.8,99,1
N1548,NGO,4,0.99,196142,4760,3.4,74,1
O1549,Orphanage,0,0.75,393988,4639,4.8,72,1
N1550,NGO,9,0.95,353376,4528,3.9,92,1
O1551,Orphanage,9,0.98,345950,1010,3.8,94,1
N1552,NGO,12,0.97,236548,1326,4.7,78,1
O1553,Orphanage,21,0.81,267031,1345,4.1,89,1
O1554,Orphanage,13,0.94,374753,1176,4.8,83,1
O1555,Orphanage,4,0.01,32524,829,0.8,48,0
N1556,NGO,2,0.26,46737,4009,0.1,35,0
O1557,Orphanage,8,0.86,322290,4469,3.3,94,1
N1558,NGO,5,0.0,8416,1495,1.9,43,0
O1559,Orphanage,10,0.88,309956,1398,3.0,72,1
O1560,Orphanage,0,0.16,32007,3892,1.3,8,0
N1561,NGO,13,0.84,172318,3858,4.8,87,1
N1562,NGO,14,0.69,491965,588,3.1,78,1
O1563,Orphanage,21,0.69,75702,837,3.4,99,1
O1564,Orphanage,2,0.85,301183,2836,4.9,75,1
O1565,Orphanage,7,0.93,224879,4491,3.8,94,1
N1566,NGO,10,0.9,467368,4385,3.2,80,1
N1567,NGO,0,0.84,81935,4148,4.5,78,1
N1568,NGO,0,0.03,35504,3964,0.0,37,0
O1569,Orphanage,1,0.18,33410,3172,1.4,45,1
O1570,Orphanage,2,0.01,10831,1981,2.9,44,0
N1571,NGO,16,0.69,340663,3963,4.1,85,1
N1572,NGO,0,0.68,177783,3842,4.5,83,1
O1573,Orphanage,2,0.84,165388,4420,4.5,100,1
O1574,Orphanage,1,0.92,449258,2628,3.3,91,1
O1575,Orphanage,5,0.13,30817,4077,2.1,21,0
N1576,NGO,7,0.73,79715,2863,4.0,86,1
O1577,Orphanage,1,0.21,38884,4704,0.9,1,0
O1578,Orphanage,18,0.66,389454,4243,3.6,95,1
N1579,NGO,2,0.23,45534,4220,1.4,19,0
N1580,NGO,2,0.05,41617,1503,2.3,1,0
O1581,Orphanage,7,0.67,131800,4262,3.9,74,1
N1582,NGO,15,0.78,424988,3013,4.1,95,1
N1583,NGO,2,0.24,12524,4296,2.6,21,0
N1584,NGO,27,0.9,154531,3776,4.8,93,1
N1585,NGO,0,0.02,6201,1157,1.2,32,0
N1586,NGO,22,0.95,62880,2725,3.3,92,1
O1587,Orphanage,5,0.11,37159,2867,1.3,46,0
N1588,NGO,23,0.98,166176,3956,3.8,81,1
O1589,Orphanage,7,0.81,182301,1239,3.6,80,1
O1590,Orphanage,2,0.09,19509,4001,2.0,0,0
O1591,Orphanage,2,0.12,30685,765,0.2,1,0
O1592,Orphanage,3,0.0,22342,1135,0.6,39,0
O1593,Orphanage,15,0.78,390191,4091,4.6,90,1
O1594,Orphanage,2,0.78,71754,3525,4.8,100,1
N1595,NGO,15,0.89,182880,3009,3.4,97,1
O1596,Orphanage,18,0.7,86725,3623,3.5,79,1
N1597,NGO,13,0.78,83209,1387,4.8,71,1
O1598,Orphanage,2,0.09,11194,3049,1.5,29,0
N1599,NGO,5,0.29,9278,2088,1.0,31,0
N1600,NGO,2,0.93,193563,599,4.6,94,1
O1601,Orphanage,11,0.76,330305,4671,4.0,76,1
O1602,Orphanage,0,0.23,15492,3074,2.4,41,1
O1603,Orphanage,23,0.84,357892,4316,4.5,75,1
N1604,NGO,9,0.67,321928,3826,4.8,91,1
N1605,NGO,0,0.88,466074,4957,3.6,82,1
O1606,Orphanage,12,0.98,376427,759,3.0,77,1
O1607,Orphanage,1,0.3,29315,1476,0.9,6,0
N1608,NGO,18,0.99,226084,2837,4.1,80,1
N1609,NGO,1,0.14,21377,801,0.2,35,0
O1610,Orphanage,18,0.86,449580,1198,4.8,85,1
N1611,NGO,19,0.71,180441,4310,3.5,75,1
N1612,NGO,25,0.89,475045,2580,3.7,76,1
O1613,Orphanage,10,0.71,213031,1087,4.0,86,1
O1614,Orphanage,11,0.72,56097,4384,3.2,98,1
O1615,Orphanage,17,0.72,116783,1554,3.8,75,1
N1616,NGO,7,0.76,317654,1385,3.6,73,1
N1617,NGO,14,0.85,204668,2276,4.6,72,1
N1618,NGO,2,0.14,42228,4092,2.0,13,0
O1619,Orphanage,3,0.66,367060,4707,3.6,82,1
N1620,NGO,28,0.73,284717,1510,3.6,83,1
O1621,Orphanage,3,0.82,175032,1118,3.2,74,1
O1622,Orphanage,4,0.92,472038,2332,4.3,85,1
O1623,Orphanage,0,0.18,32988,4735,1.7,36,1
O1624,Orphanage,3,0.21,40953,1415,1.3,32,0
N1625,NGO,29,0.97,467341,1944,3.4,76,1
O1626,Orphanage,2,0.27,40806,2576,2.6,25,0
O1627,Orphanage,15,0.96,495908,2663,4.6,77,1
N1628,NGO,3,0.12,18260,1904,2.3,43,0
N1629,NGO,19,0.99,406929,4938,4.1,85,1
N1630,NGO,5,0.2,31547,3241,2.3,36,1
N1631,NGO,19,0.74,64586,897,4.9,77,1
O1632,Orphanage,10,0.97,410389,2677,3.5,97,1
O1633,Orphanage,12,0.71,117680,736,3.8,70,1
O1634,Orphanage,6,0.76,451032,3049,3.1,83,1
N1635,NGO,18,0.9,436021,3912,4.1,94,1
N1636,NGO,8,0.71,290327,4664,3.3,94,1
N1637,NGO,9,0.93,146713,1092,3.2,96,1
O1638,Orphanage,28,0.99,446418,2535,4.4,90,1
N1639,NGO,11,0.87,337233,1297,4.9,88,1
O1640,Orphanage,0,0.89,111245,2911,4.5,94,1
N1641,NGO,25,0.77,357038,4495,3.1,82,1
N1642,NGO,4,0.3,7909,4037,2.6,26,0
N1643,NGO,28,0.99,302657,4118,3.9,100,1
N1644,NGO,0,0.27,47993,1464,2.6,43,1
N1645,NGO,4,0.91,217376,1324,3.2,77,1
O1646,Orphanage,25,0.85,111462,2287,3.8,88,1
N1647,NGO,27,0.66,133862,2840,3.6,79,1
N1648,NGO,5,0.01,39432,946,2.9,15,0
O1649,Orphanage,25,0.71,221543,4449,3.4,100,1
N1650,NGO,29,0.66,470280,1917,3.1,85,1
O1651,Orphanage,1,0.05,30620,4963,1.7,46,0
O1652,Orphanage,24,0.99,488244,1462,4.9,79,1
N1653,NGO,11,0.97,407610,848,3.4,86,1
N1654,NGO,0,0.05,21436,2469,0.1,3,0
O1655,Orphanage,28,0.74,285662,3688,4.6,76,1
O1656,Orphanage,17,0.78,220928,1440,4.0,97,1
N1657,NGO,2,0.99,293368,3307,3.0,78,1
N1658,NGO,4,0.11,8293,275,2.3,0,0
O1659,Orphanage,3,0.97,184718,2890,4.8,70,1
N1660,NGO,23,0.75,235522,4760,4.9,74,1
O1661,Orphanage,1,0.71,61590,3591,4.6,71,1
O1662,Orphanage,3,0.29,28267,4225,0.7,34,1
O1663,Orphanage,6,0.95,100171,3282,4.5,92,1
N1664,NGO,30,0.74,407476,3899,4.6,98,1
O1665,Orphanage,25,0.67,304053,2748,3.4,73,1
N1666,NGO,30,0.84,297900,1809,3.0,98,1
O1667,Orphanage,3,0.0,20206,3261,1.5,17,0
N1668,NGO,15,0.96,405636,4970,4.8,95,1
N1669,NGO,11,0.86,165403,658,3.2,74,1
N1670,NGO,0,0.82,106801,4745,4.8,89,1
N1671,NGO,16,0.67,428206,1023,4.5,99,1
O1672,Orphanage,6,0.82,473975,979,3.3,98,1
O1673,Orphanage,0,0.15,49946,1539,0.8,28,0
N1674,NGO,13,0.7,437320,3138,3.0,71,1
N1675,NGO,13,0.93,254919,3719,3.1,79,1
N1676,NGO,7,0.81,149284,913,4.8,90,1
O1677,Orphanage,4,0.1,1135,4770,1.3,36,0
N1678,NGO,15,0.66,195500,3207,4.9,85,1
O1679,Orphanage,15,0.97,439134,2108,4.3,89,1
N1680,NGO,21,0.81,117769,3828,4.2,88,1
O1681,Orphanage,4,0.29,3284,670,0.7,23,0
O1682,Orphanage,4,0.21,27150,1529,0.8,47,0
O1683,Orphanage,3,0.03,31936,2059,1.9,36,0
O1684,Orphanage,0,0.75,76923,1046,3.3,86,1
N1685,NGO,28,0.71,420514,806,3.3,70,1
O1686,Orphanage,4,0.05,33385,4439,2.4,36,0
N1687,NGO,22,0.93,100766,1006,4.4,90,1
O1688,Orphanage,3,0.19,9829,3909,2.3,49,0
O1689,Orphanage,26,0.72,454579,2306,3.1,92,1
N1690,NGO,20,0.82,329529,3171,4.5,86,1
O1691,Orphanage,0,0.88,452251,4494,4.6,73,1
N1692,NGO,9,0.68,229447,1893,3.7,77,1
O1693,Orphanage,7,0.69,85777,4303,3.0,75,1
O1694,Orphanage,13,0.71,305839,968,3.1,87,1
N1695,NGO,4,0.79,80611,593,3.9,72,1
N1696,NGO,2,0.08,14145,3104,0.1,0,0
O1697,Orphanage,4,0.12,17277,3779,0.9,32,0
O1698,Orphanage,3,0.16,10756,3429,0.3,4,0
O1699,Orphanage,4,0.84,413938,2771,3.0,74,1
O1700,Orphanage,3,0.86,189010,2273,4.7,74,1
N1701,NGO,28,0.91,316649,1812,4.0,70,1
N1702,NGO,26,0.68,463957,4069,4.7,82,1
O1703,Orphanage,18,0.94,355793,2670,4.3,70,1
N1704,NGO,16,0.72,277326,2883,3.4,70,1
O1705,Orphanage,3,0.88,417825,2989,4.9,81,1
N1706,NGO,2,0.21,21203,643,2.9,26,0
O1707,Orphanage,4,0.17,21372,3928,1.7,7,0
O1708,Orphanage,1,0.01,45262,3301,1.1,7,0
N1709,NGO,15,0.96,249940,2334,5.0,98,1
N1710,NGO,23,0.72,329299,3792,3.9,75,1
O1711,Orphanage,10,0.94,252102,1246,3.2,91,1
O1712,Orphanage,4,0.24,10297,3247,0.6,49,0
O1713,Orphanage,4,0.88,273667,1202,3.2,80,1
O1714,Orphanage,10,0.81,63796,2812,4.9,86,1
N1715,NGO,1,0.72,177187,4263,3.4,89,1
N1716,NGO,0,0.22,4027,3921,2.9,13,1
N1717,NGO,6,0.88,349269,3526,4.8,74,1
O1718,Orphanage,1,0.73,424936,1778,4.4,97,1
N1719,NGO,12,0.68,189453,1487,4.5,78,1
N1720,NGO,0,0.27,26439,4803,2.9,22,1
N1721,NGO,0,0.01,9723,4016,0.1,50,0
O1722,Orphanage,18,0.66,231470,2480,3.8,70,1
O1723,Orphanage,14,0.85,310192,3810,4.4,94,1
N1724,NGO,27,0.66,399287,935,3.1,99,1
O1725,Orphanage,4,0.25,19489,1359,0.2,21,0
N1726,NGO,22,0.96,298883,3617,3.0,89,1
N1727,NGO,5,0.3,37402,531,2.0,14,0
N1728,NGO,18,0.92,287484,2057,4.4,88,1
O1729,Orphanage,1,0.13,3466,3229,2.0,2,0
N1730,NGO,5,0.17,3196,3398,0.7,10,0
N1731,NGO,4,0.12,20502,2266,0.4,34,0
O1732,Orphanage,11,0.66,369953,2795,4.3,88,1
O1733,Orphanage,0,0.74,325489,3371,3.6,87,1
O1734,Orphanage,1,0.67,441075,4094,3.7,94,1
N1735,NGO,2,0.69,483100,3064,4.2,94,1
N1736,NGO,19,0.88,444091,1849,3.6,93,1
O1737,Orphanage,1,0.96,262146,4467,3.7,78,1
O1738,Orphanage,3,0.25,37603,1693,2.9,4,0
O1739,Orphanage,5,0.8,320887,755,4.9,70,1
O1740,Orphanage,10,0.69,484778,3376,3.2,100,1
O1741,Orphanage,6,0.73,296544,3242,3.4,82,1
N1742,NGO,4,0.66,199340,1431,3.7,94,1
O1743,Orphanage,25,0.75,435668,1102,4.6,90,1
N1744,NGO,5,0.29,47492,2991,2.9,30,0
O1745,Orphanage,20,0.85,273324,4725,4.5,80,1
O1746,Orphanage,27,0.76,208151,2506,4.1,90,1
O1747,Orphanage,4,0.09,41240,1847,1.7,15,0
O1748,Orphanage,15,0.88,374854,3388,4.8,81,1
N1749,NGO,12,0.97,475153,936,4.7,95,1
O1750,Orphanage,26,0.78,72397,3441,3.6,76,1
O1751,Orphanage,17,0.95,349836,2297,3.8,87,1
N1752,NGO,0,0.8,432178,4784,4.2,98,1
O1753,Orphanage,0,0.12,6983,4898,2.7,46,0
O1754,Orphanage,25,0.82,384540,2890,3.6,80,1
N1755,NGO,17,0.8,433338,3724,3.2,97,1
N1756,NGO,11,0.95,182371,4183,3.1,70,1
N1757,NGO,1,0.83,110506,4381,3.5,79,1
N1758,NGO,4,0.26,24329,1878,0.6,43,0
N1759,NGO,2,0.28,25657,4687,2.3,45,1
O1760,Orphanage,29,0.77,191092,1756,3.3,75,1
N1761,NGO,22,1.0,410546,3295,3.0,99,1
N1762,NGO,1,0.03,20493,2366,2.4,23,0
N1763,NGO,0,0.67,333035,4553,3.6,96,1
N1764,NGO,12,0.84,398576,3028,4.4,75,1
N1765,NGO,19,0.77,341782,2162,3.3,81,1
O1766,Orphanage,3,0.17,7978,2724,0.7,32,0
N1767,NGO,0,0.18,2710,4755,2.6,33,0
N1768,NGO,2,0.02,8914,4631,1.1,20,0
O1769,Orphanage,2,0.17,41764,4146,0.9,29,0
N1770,NGO,5,0.75,401041,2672,4.8,100,1
O1771,Orphanage,25,0.95,413385,3973,3.2,100,1
O1772,Orphanage,24,1.0,309976,1387,4.7,83,1
O1773,Orphanage,30,0.74,440319,2539,4.2,92,1
O1774,Orphanage,0,0.79,238058,2381,3.6,90,1
O1775,Orphanage,25,0.95,439675,3619,3.8,94,1
N1776,NGO,2,0.1,30970,3105,1.9,27,0
N1777,NGO,6,0.96,341594,3979,4.4,88,1
O1778,Orphanage,30,0.95,415725,4976,4.6,70,1
N1779,NGO,17,0.9,278401,3216,4.8,70,1
N1780,NGO,28,0.72,92355,4544,4.5,100,1
N1781,NGO,17,0.84,136604,4133,4.7,96,1
N1782,NGO,2,0.05,13934,115,0.1,31,0
O1783,Orphanage,27,0.71,265548,1669,3.1,100,1
N1784,NGO,10,0.67,396878,2661,3.2,86,1
O1785,Orphanage,0,0.91,69089,3563,3.2,95,1
O1786,Orphanage,9,0.81,497258,939,3.5,74,1
N1787,NGO,2,0.79,385863,2071,4.5,74,1
N1788,NGO,11,0.83,167472,1515,4.2,75,1
O1789,Orphanage,20,0.81,66823,3201,4.9,76,1
O1790,Orphanage,29,0.7,291664,2968,3.2,79,1
N1791,NGO,26,0.98,174706,4872,4.3,94,1
N1792,NGO,14,0.66,453724,1868,4.7,82,1
O1793,Orphanage,24,0.98,264988,792,3.4,71,1
O1794,Orphanage,3,0.69,430706,3911,4.0,87,1
O1795,Orphanage,28,0.69,497561,649,4.2,93,1
O1796,Orphanage,0,0.75,495797,1252,4.6,91,1
O1797,Orphanage,8,0.74,326258,3258,3.1,96,1
N1798,NGO,25,0.89,374334,3064,3.2,90,1
O1799,Orphanage,2,0.18,4535,1624,1.8,46,0
N1800,NGO,2,0.18,26815,4665,1.4,13,0
O1801,Orphanage,4,0.71,59524,4377,4.2,77,1
N1802,NGO,2,0.04,40232,4445,1.3,9,0
N1803,NGO,27,0.74,447541,3112,3.8,96,1
O1804,Orphanage,5,0.18,35863,1037,0.4,28,1
O1805,Orphanage,2,0.08,47261,2609,1.7,46,1
O1806,Orphanage,4,0.03,13083,2193,2.0,22,0
O1807,Orphanage,12,0.97,307322,3161,4.8,78,1
N1808,NGO,2,0.18,9901,4365,1.4,13,0
O1809,Orphanage,2,0.12,5967,2601,1.9,46,1
O1810,Orphanage,7,0.68,167734,4074,4.6,95,1
N1811,NGO,20,0.93,493858,1415,3.4,88,1
N1812,NGO,3,0.13,2530,4223,1.3,28,0
O1813,Orphanage,3,0.76,387881,1629,3.5,91,1
N1814,NGO,26,0.7,251070,3029,3.6,96,1
O1815,Orphanage,1,0.27,47540,2407,0.9,42,0
N1816,NGO,28,0.74,351685,659,3.8,80,1
O1817,Orphanage,0,0.83,269446,3407,3.2,73,1
O1818,Orphanage,0,0.73,191544,1893,3.3,86,1
N1819,NGO,5,0.11,17084,339,2.7,3,1
O1820,Orphanage,1,0.81,297727,3446,4.7,76,1
N1821,NGO,2,0.75,213854,3306,3.1,94,1
O1822,Orphanage,3,0.3,43509,295,0.1,0,0
N1823,NGO,4,0.18,978,2950,0.9,19,0
N1824,NGO,3,0.19,15986,2214,1.9,7,0
N1825,NGO,14,0.86,306583,4614,4.9,93,1
N1826,NGO,25,0.87,477706,2795,4.3,76,1
N1827,NGO,2,0.16,11705,2720,0.3,19,0
N1828,NGO,0,0.13,26494,2064,0.4,26,0
N1829,NGO,4,0.87,110455,1364,3.5,70,1
N1830,NGO,26,0.72,467888,2012,3.5,71,1
N1831,NGO,15,0.74,383380,4299,3.7,97,1
O1832,Orphanage,5,0.76,496983,3586,4.5,71,1
N1833,NGO,22,0.98,124779,710,4.8,88,1
N1834,NGO,3,0.81,286719,1079,4.4,100,1
N1835,NGO,0,0.14,35032,194,1.5,4,0
N1836,NGO,16,0.68,163111,4239,3.2,100,1
N1837,NGO,7,0.81,366863,3390,4.3,79,1
O1838,Orphanage,1,0.3,3081,1451,1.3,37,1
O1839,Orphanage,1,0.16,43302,2589,2.7,8,0
O1840,Orphanage,27,0.91,351672,694,3.7,90,1
N1841,NGO,1,0.79,121116,2850,4.7,79,1
O1842,Orphanage,3,0.23,3457,3202,0.1,33,0
O1843,Orphanage,21,0.94,420953,2211,3.6,90,1
N1844,NGO,20,0.67,420436,4026,4.1,72,1
O1845,Orphanage,26,0.66,104607,1015,3.6,78,1
O1846,Orphanage,7,0.7,347905,3269,4.0,88,1
N1847,NGO,29,0.83,383743,4802,3.1,77,1
O1848,Orphanage,4,0.04,5546,4081,2.8,18,0
O1849,Orphanage,4,0.29,26872,2291,1.0,4,0
O1850,Orphanage,11,0.76,205536,1296,4.4,77,1
O1851,Orphanage,5,0.04,38895,4120,2.2,38,1
O1852,Orphanage,0,0.84,291013,4106,4.1,80,1
N1853,NGO,18,0.88,279161,2490,4.8,91,1
O1854,Orphanage,2,0.23,7675,2227,2.1,38,0
O1855,Orphanage,29,0.69,284109,1711,3.9,82,1
N1856,NGO,2,0.84,330511,2346,3.0,75,1
O1857,Orphanage,26,0.98,243702,3432,3.7,70,1
O1858,Orphanage,1,0.03,34663,2962,2.1,24,0
O1859,Orphanage,7,0.92,166081,2629,3.1,94,1
N1860,NGO,3,0.13,28240,391,2.5,34,0
N1861,NGO,5,0.04,4110,1106,0.2,38,0
O1862,Orphanage,15,0.91,306508,2964,3.1,86,1
N1863,NGO,24,0.65,469789,3452,4.0,94,1
O1864,Orphanage,9,0.83,493864,839,3.6,86,1
N1865,NGO,1,0.24,37943,4733,2.5,42,1
O1866,Orphanage,26,0.83,348760,3927,4.8,92,1
N1867,NGO,1,0.9,257809,714,3.8,90,1
O1868,Orphanage,11,0.9,122362,1302,3.8,84,1
N1869,NGO,26,0.84,294861,3213,3.1,87,1
N1870,NGO,9,0.96,307815,2642,4.0,96,1
N1871,NGO,3,0.24,40776,1305,0.7,37,0
O1872,Orphanage,4,0.15,49995,3503,0.4,13,0
O1873,Orphanage,5,0.14,9971,2379,0.0,44,0
N1874,NGO,2,0.79,223474,3112,3.9,92,1
N1875,NGO,4,0.07,32232,4151,2.0,44,0
O1876,Orphanage,5,0.23,44622,2622,0.1,10,0
N1877,NGO,0,0.8,298446,1643,4.8,78,1
O1878,Orphanage,16,0.99,215424,3122,3.1,81,1
O1879,Orphanage,8,0.97,171711,2756,4.1,74,1
N1880,NGO,1,0.22,49355,2144,1.7,20,0
O1881,Orphanage,18,0.84,367446,4142,3.4,82,1
N1882,NGO,11,0.74,239997,4254,3.4,83,1
O1883,Orphanage,17,0.68,367337,4211,3.3,82,1
O1884,Orphanage,1,0.26,31676,4296,2.5,6,1
O1885,Orphanage,22,0.86,482873,4876,3.5,88,1
O1886,Orphanage,4,0.3,13270,1375,2.6,50,1
N1887,NGO,1,0.05,1760,118,1.1,45,0
O1888,Orphanage,16,0.83,277803,763,4.9,94,1
N1889,NGO,0,0.16,7603,3731,1.2,5,0
O1890,Orphanage,8,0.8,212197,809,3.4,92,1
N1891,NGO,3,0.21,29835,2384,0.1,18,0
O1892,Orphanage,2,0.06,44179,4749,2.6,7,0
N1893,NGO,5,0.11,16482,1639,2.6,3,1
N1894,NGO,22,0.8,452416,2706,4.6,83,1
N1895,NGO,1,0.98,235293,2783,4.9,78,1
N1896,NGO,1,0.1,14941,754,2.1,22,0
O1897,Orphanage,4,0.74,206218,4802,3.2,95,1
O1898,Orphanage,10,0.98,179187,3208,3.9,82,1
O1899,Orphanage,3,0.23,37574,1119,1.4,15,0
O1900,Orphanage,18,0.72,477326,3785,3.0,70,1
O1901,Orphanage,18,0.69,170686,3357,3.6,84,1
O1902,Orphanage,25,0.93,62738,661,3.5,85,1
O1903,Orphanage,17,0.69,385225,2365,4.4,86,1
O1904,Orphanage,25,0.76,421218,2832,4.0,75,1
N1905,NGO,0,0.08,28048,553,0.4,25,0
N1906,NGO,29,0.71,205371,3738,3.4,88,1
O1907,Orphanage,20,0.66,375769,4303,3.0,76,1
O1908,Orphanage,4,0.85,327051,2580,3.4,83,1
O1909,Orphanage,10,0.69,359655,573,3.1,79,1
O1910,Orphanage,17,0.74,430899,4666,4.2,87,1
O1911,Orphanage,20,0.98,109825,1827,4.0,97,1
O1912,Orphanage,3,0.17,14052,2351,2.9,17,0
N1913,NGO,27,0.81,233013,643,4.0,72,1
O1914,Orphanage,2,0.11,24404,3204,1.4,5,0
N1915,NGO,1,0.78,187290,2956,4.8,85,1
N1916,NGO,1,0.75,296157,4318,3.5,71,1
O1917,Orphanage,4,0.17,21905,2793,0.1,26,0
O1918,Orphanage,21,0.85,264377,3750,3.8,77,1
O1919,Orphanage,5,0.08,45958,3532,2.1,19,0
N1920,NGO,19,0.7,115076,2402,3.2,97,1
O1921,Orphanage,14,0.74,90800,4744,4.2,82,1
N1922,NGO,8,0.7,342111,3742,4.4,77,1
N1923,NGO,10,0.75,446140,1491,4.7,99,1
O1924,Orphanage,7,0.9,459811,3659,4.8,78,1
O1925,Orphanage,4,0.94,430559,4259,4.0,71,1
O1926,Orphanage,0,0.14,36200,3796,2.8,23,1
O1927,Orphanage,22,0.92,425054,4189,4.1,79,1
O1928,Orphanage,2,0.97,226182,4827,3.1,72,1
N1929,NGO,3,0.22,9136,666,2.7,0,0
O1930,Orphanage,20,0.81,237364,645,3.2,74,1
N1931,NGO,1,0.9,160403,2540,4.9,96,1
N1932,NGO,4,0.14,21728,375,1.4,11,0
N1933,NGO,13,0.99,274999,3504,3.8,74,1
O1934,Orphanage,12,0.95,335012,1511,3.4,95,1
N1935,NGO,11,0.67,214045,2652,3.5,86,1
N1936,NGO,8,0.89,455824,2840,4.1,85,1
O1937,Orphanage,9,0.82,211675,1128,4.7,87,1
N1938,NGO,11,0.81,70400,1146,4.5,91,1
O1939,Orphanage,0,0.89,383517,2176,4.4,98,1
O1940,Orphanage,20,0.95,97996,2305,3.8,77,1
O1941,Orphanage,2,0.86,369427,570,4.7,72,1
N1942,NGO,27,0.75,177471,1641,4.3,83,1
N1943,NGO,9,0.66,139676,4501,3.5,87,1
N1944,NGO,19,1.0,495990,4681,4.3,96,1
N1945,NGO,3,0.23,21434,4481,0.7,33,0
O1946,Orphanage,0,0.24,47298,4054,2.1,15,0
O1947,Orphanage,3,0.2,10421,4387,2.4,14,0
N1948,NGO,1,0.21,46842,2502,0.2,22,0
O1949,Orphanage,11,0.95,224345,3285,4.4,85,1
O1950,Orphanage,11,0.78,281360,2170,3.2,85,1
N1951,NGO,22,0.89,406341,4484,4.7,88,1
N1952,NGO,30,0.91,224654,2477,3.5,77,1
O1953,Orphanage,17,0.67,217013,3150,4.2,79,1
N1954,NGO,2,0.72,242643,2889,5.0,85,1
O1955,Orphanage,13,0.93,425788,4515,3.1,79,1
N1956,NGO,24,0.84,161361,3637,3.5,88,1
O1957,Orphanage,4,0.77,498511,2853,4.6,70,1
O1958,Orphanage,5,0.04,47207,660,1.4,42,0
O1959,Orphanage,8,0.94,153267,4090,3.2,96,1
N1960,NGO,3,0.95,76043,1311,4.5,79,1
O1961,Orphanage,2,0.18,7042,986,0.8,9,0
N1962,NGO,28,0.82,213151,2319,4.8,89,1
N1963,NGO,1,0.28,23133,1932,2.7,19,1
N1964,NGO,23,0.86,166496,3903,4.2,89,1
N1965,NGO,28,0.8,291043,2831,4.8,90,1
N1966,NGO,4,0.12,43583,1770,2.3,44,0
N1967,NGO,3,0.22,20357,2680,2.8,33,0
N1968,NGO,27,0.66,76854,3816,4.6,84,1
O1969,Orphanage,18,0.96,155136,4314,4.2,93,1
N1970,NGO,19,0.69,66634,2447,3.3,82,1
N1971,NGO,21,0.73,318518,4887,3.6,90,1
O1972,Orphanage,5,0.03,25848,2670,1.8,35,0
O1973,Orphanage,18,0.77,345781,2657,4.0,78,1
O1974,Orphanage,4,0.26,27845,3827,1.7,13,0
O1975,Orphanage,29,1.0,340841,3892,4.2,88,1
N1976,NGO,5,0.19,14409,4124,0.2,21,0
O1977,Orphanage,10,0.94,181065,2937,3.2,87,1
O1978,Orphanage,1,0.93,322708,1196,4.4,76,1
O1979,Orphanage,3,0.08,40168,1193,1.5,23,0
N1980,NGO,13,0.67,101802,3602,4.6,80,1
O1981,Orphanage,0,0.05,17817,3630,1.4,8,0
O1982,Orphanage,10,0.83,81885,1467,3.4,77,1
N1983,NGO,22,0.7,415576,2964,3.8,71,1
O1984,Orphanage,23,0.71,247804,4891,3.5,85,1
N1985,NGO,4,0.18,38428,2848,0.3,23,0
N1986,NGO,0,0.06,7017,2488,1.8,8,0
N1987,NGO,30,0.87,238728,2306,4.9,79,1
O1988,Orphanage,3,0.27,41372,1182,2.8,22,1
O1989,Orphanage,1,0.08,22412,2022,2.7,21,0
O1990,Orphanage,2,0.29,42745,101,0.2,9,0
N1991,NGO,0,0.87,300887,3916,4.7,80,1
N1992,NGO,2,0.8,137569,2676,3.5,85,1
N1993,NGO,15,0.69,255164,3084,4.2,96,1
O1994,Orphanage,4,0.06,45926,3372,0.2,34,0
O1995,Orphanage,11,0.94,379091,2158,4.9,99,1
N1996,NGO,14,0.71,182202,3164,3.6,89,1
N1997,NGO,9,0.73,185572,1419,3.6,98,1
N1998,NGO,8,0.79,131670,1904,3.6,73,1
O1999,Orphanage,4,0.19,41793,2300,0.2,8,0
O2000,Orphanage,4,0.68,119136,2802,3.2,74,1
